GenusSpecies	Gene	Occurances
Acinetobacter baumannii	aac(2')-Ib	85
Acinetobacter baumannii	aac(3)-I	1144
Acinetobacter baumannii	aac(3)-II	18
Acinetobacter baumannii	aac(3)-IIa	302
Acinetobacter baumannii	aac(3)-IId	46
Acinetobacter baumannii	aac(3)-IV	2
Acinetobacter baumannii	aac(6')	6
Acinetobacter baumannii	aac(6')-31	7
Acinetobacter baumannii	aac(6')-33	1
Acinetobacter baumannii	aac(6')-I	6
Acinetobacter baumannii	aac(6')-IIc	2
Acinetobacter baumannii	aac(6')-Iaf	67
Acinetobacter baumannii	aac(6')-Ian	214
Acinetobacter baumannii	aac(6')-Ib	234
Acinetobacter baumannii	aac(6')-Ib'	733
Acinetobacter baumannii	aac(6')-Ib-cr5	1
Acinetobacter baumannii	aac(6')-Ib3	34
Acinetobacter baumannii	aac(6')-Ib4	5
Acinetobacter baumannii	aac(6')-Ir	1
Acinetobacter baumannii	aacA16	125
Acinetobacter baumannii	aacA35	2
Acinetobacter baumannii	aacA43	2
Acinetobacter baumannii	aadA1	1678
Acinetobacter baumannii	aadA11	3
Acinetobacter baumannii	aadA13	1
Acinetobacter baumannii	aadA17	15
Acinetobacter baumannii	aadA2	237
Acinetobacter baumannii	aadA24	2
Acinetobacter baumannii	aadA5	6
Acinetobacter baumannii	ampC	69
Acinetobacter baumannii	ant	1
Acinetobacter baumannii	ant(2'')-Ia	956
Acinetobacter baumannii	ant(3'')	18
Acinetobacter baumannii	ant(3'')-II	9
Acinetobacter baumannii	ant(3'')-IIa	3221
Acinetobacter baumannii	ant(3'')-IIc	2
Acinetobacter baumannii	ant(3'')-Ia	1
Acinetobacter baumannii	aph(3'')	11
Acinetobacter baumannii	aph(3'')-Ib	2961
Acinetobacter baumannii	aph(3')	38
Acinetobacter baumannii	aph(3')-I	1
Acinetobacter baumannii	aph(3')-II	1
Acinetobacter baumannii	aph(3')-IIa	3
Acinetobacter baumannii	aph(3')-Ia	2099
Acinetobacter baumannii	aph(3')-Ib	1
Acinetobacter baumannii	aph(3')-VI	147
Acinetobacter baumannii	aph(3')-VIa	1362
Acinetobacter baumannii	aph(3')-VIb	82
Acinetobacter baumannii	aph(4)-Ia	2
Acinetobacter baumannii	aph(6)-I	39
Acinetobacter baumannii	aph(6)-Id	2967
Acinetobacter baumannii	armA	1598
Acinetobacter baumannii	arr	7
Acinetobacter baumannii	arr-2	117
Acinetobacter baumannii	arr-3	11
Acinetobacter baumannii	bla	222
Acinetobacter baumannii	blaADC	1965
Acinetobacter baumannii	blaADC-1	4
Acinetobacter baumannii	blaADC-106	2
Acinetobacter baumannii	blaADC-11	110
Acinetobacter baumannii	blaADC-114	1
Acinetobacter baumannii	blaADC-115	7
Acinetobacter baumannii	blaADC-117	3
Acinetobacter baumannii	blaADC-119	1
Acinetobacter baumannii	blaADC-120	2
Acinetobacter baumannii	blaADC-122	1
Acinetobacter baumannii	blaADC-127	1
Acinetobacter baumannii	blaADC-130	7
Acinetobacter baumannii	blaADC-132	2
Acinetobacter baumannii	blaADC-135	9
Acinetobacter baumannii	blaADC-140	4
Acinetobacter baumannii	blaADC-143	2
Acinetobacter baumannii	blaADC-144	1
Acinetobacter baumannii	blaADC-147	1
Acinetobacter baumannii	blaADC-149	1
Acinetobacter baumannii	blaADC-150	12
Acinetobacter baumannii	blaADC-151	1
Acinetobacter baumannii	blaADC-152	25
Acinetobacter baumannii	blaADC-154	10
Acinetobacter baumannii	blaADC-155	5
Acinetobacter baumannii	blaADC-156	21
Acinetobacter baumannii	blaADC-157	2
Acinetobacter baumannii	blaADC-158	20
Acinetobacter baumannii	blaADC-159	2
Acinetobacter baumannii	blaADC-160	1
Acinetobacter baumannii	blaADC-162	66
Acinetobacter baumannii	blaADC-163	6
Acinetobacter baumannii	blaADC-164	7
Acinetobacter baumannii	blaADC-165	12
Acinetobacter baumannii	blaADC-166	1
Acinetobacter baumannii	blaADC-167	2
Acinetobacter baumannii	blaADC-169	18
Acinetobacter baumannii	blaADC-175	3
Acinetobacter baumannii	blaADC-176	41
Acinetobacter baumannii	blaADC-18	119
Acinetobacter baumannii	blaADC-181	1
Acinetobacter baumannii	blaADC-182	14
Acinetobacter baumannii	blaADC-183	1
Acinetobacter baumannii	blaADC-184	1
Acinetobacter baumannii	blaADC-185	1
Acinetobacter baumannii	blaADC-186	11
Acinetobacter baumannii	blaADC-191	5
Acinetobacter baumannii	blaADC-193	1
Acinetobacter baumannii	blaADC-2	6
Acinetobacter baumannii	blaADC-25	125
Acinetobacter baumannii	blaADC-26	196
Acinetobacter baumannii	blaADC-30	1207
Acinetobacter baumannii	blaADC-31	4
Acinetobacter baumannii	blaADC-32	22
Acinetobacter baumannii	blaADC-33	38
Acinetobacter baumannii	blaADC-39	1
Acinetobacter baumannii	blaADC-43	9
Acinetobacter baumannii	blaADC-5	8
Acinetobacter baumannii	blaADC-50	7
Acinetobacter baumannii	blaADC-52	43
Acinetobacter baumannii	blaADC-53	2
Acinetobacter baumannii	blaADC-56	58
Acinetobacter baumannii	blaADC-57	14
Acinetobacter baumannii	blaADC-6	9
Acinetobacter baumannii	blaADC-61	3
Acinetobacter baumannii	blaADC-70	15
Acinetobacter baumannii	blaADC-73	753
Acinetobacter baumannii	blaADC-74	44
Acinetobacter baumannii	blaADC-76	161
Acinetobacter baumannii	blaADC-78	2
Acinetobacter baumannii	blaADC-79	321
Acinetobacter baumannii	blaADC-80	37
Acinetobacter baumannii	blaADC-81	2
Acinetobacter baumannii	blaADC-82	53
Acinetobacter baumannii	blaADC-87	2
Acinetobacter baumannii	blaADC-88	5
Acinetobacter baumannii	blaADC-91	1
Acinetobacter baumannii	blaADC-92	1
Acinetobacter baumannii	blaADC-95	2
Acinetobacter baumannii	blaADC-97	1
Acinetobacter baumannii	blaADC-98	1
Acinetobacter baumannii	blaADC-99	3
Acinetobacter baumannii	blaCARB-16	66
Acinetobacter baumannii	blaCARB-2	50
Acinetobacter baumannii	blaCARB-49	1
Acinetobacter baumannii	blaCMY	1
Acinetobacter baumannii	blaCMY-30	8
Acinetobacter baumannii	blaCMY-4	1
Acinetobacter baumannii	blaCTX-M	1
Acinetobacter baumannii	blaCTX-M-115	2
Acinetobacter baumannii	blaCTX-M-15	10
Acinetobacter baumannii	blaCTX-M-2	3
Acinetobacter baumannii	blaCTX-M-55	11
Acinetobacter baumannii	blaCTX-M-65	1
Acinetobacter baumannii	blaDHA	1
Acinetobacter baumannii	blaDHA-1	1
Acinetobacter baumannii	blaEC	2
Acinetobacter baumannii	blaGES	1
Acinetobacter baumannii	blaGES-11	18
Acinetobacter baumannii	blaGES-5	3
Acinetobacter baumannii	blaGIM-1	6
Acinetobacter baumannii	blaI	1
Acinetobacter baumannii	blaIMP-1	6
Acinetobacter baumannii	blaIMP-16	1
Acinetobacter baumannii	blaIMP-19	4
Acinetobacter baumannii	blaIMP-26	1
Acinetobacter baumannii	blaIMP-4	2
Acinetobacter baumannii	blaKPC-2	1
Acinetobacter baumannii	blaKPC-3	1
Acinetobacter baumannii	blaNDM	14
Acinetobacter baumannii	blaNDM-1	140
Acinetobacter baumannii	blaNDM-6	3
Acinetobacter baumannii	blaOXA	481
Acinetobacter baumannii	blaOXA-1	2
Acinetobacter baumannii	blaOXA-10	4
Acinetobacter baumannii	blaOXA-100	126
Acinetobacter baumannii	blaOXA-104	55
Acinetobacter baumannii	blaOXA-106	10
Acinetobacter baumannii	blaOXA-107	2
Acinetobacter baumannii	blaOXA-109	16
Acinetobacter baumannii	blaOXA-111	2
Acinetobacter baumannii	blaOXA-113	15
Acinetobacter baumannii	blaOXA-117	4
Acinetobacter baumannii	blaOXA-120	27
Acinetobacter baumannii	blaOXA-121	12
Acinetobacter baumannii	blaOXA-123	2
Acinetobacter baumannii	blaOXA-126	4
Acinetobacter baumannii	blaOXA-128	1
Acinetobacter baumannii	blaOXA-130	1
Acinetobacter baumannii	blaOXA-132	8
Acinetobacter baumannii	blaOXA-143	3
Acinetobacter baumannii	blaOXA-144	8
Acinetobacter baumannii	blaOXA-164	8
Acinetobacter baumannii	blaOXA-172	24
Acinetobacter baumannii	blaOXA-180	6
Acinetobacter baumannii	blaOXA-2	6
Acinetobacter baumannii	blaOXA-20	4
Acinetobacter baumannii	blaOXA-202	1
Acinetobacter baumannii	blaOXA-207	2
Acinetobacter baumannii	blaOXA-208	24
Acinetobacter baumannii	blaOXA-21	4
Acinetobacter baumannii	blaOXA-213	4
Acinetobacter baumannii	blaOXA-217	5
Acinetobacter baumannii	blaOXA-219	1
Acinetobacter baumannii	blaOXA-223	17
Acinetobacter baumannii	blaOXA-225	2
Acinetobacter baumannii	blaOXA-23	2694
Acinetobacter baumannii	blaOXA-231	2
Acinetobacter baumannii	blaOXA-234	1
Acinetobacter baumannii	blaOXA-235	48
Acinetobacter baumannii	blaOXA-237	29
Acinetobacter baumannii	blaOXA-239	21
Acinetobacter baumannii	blaOXA-24	120
Acinetobacter baumannii	blaOXA-241	3
Acinetobacter baumannii	blaOXA-242	54
Acinetobacter baumannii	blaOXA-253	1
Acinetobacter baumannii	blaOXA-254	2
Acinetobacter baumannii	blaOXA-259	35
Acinetobacter baumannii	blaOXA-260	2
Acinetobacter baumannii	blaOXA-261	1
Acinetobacter baumannii	blaOXA-262	1
Acinetobacter baumannii	blaOXA-263	8
Acinetobacter baumannii	blaOXA-264	1
Acinetobacter baumannii	blaOXA-267	1
Acinetobacter baumannii	blaOXA-268	2
Acinetobacter baumannii	blaOXA-269	1
Acinetobacter baumannii	blaOXA-270	1
Acinetobacter baumannii	blaOXA-271	1
Acinetobacter baumannii	blaOXA-272	7
Acinetobacter baumannii	blaOXA-273	5
Acinetobacter baumannii	blaOXA-283	1
Acinetobacter baumannii	blaOXA-305	9
Acinetobacter baumannii	blaOXA-312	18
Acinetobacter baumannii	blaOXA-313	2
Acinetobacter baumannii	blaOXA-314	14
Acinetobacter baumannii	blaOXA-316	2
Acinetobacter baumannii	blaOXA-317	11
Acinetobacter baumannii	blaOXA-337	2
Acinetobacter baumannii	blaOXA-338	3
Acinetobacter baumannii	blaOXA-340	4
Acinetobacter baumannii	blaOXA-343	4
Acinetobacter baumannii	blaOXA-344	1
Acinetobacter baumannii	blaOXA-371	24
Acinetobacter baumannii	blaOXA-374	5
Acinetobacter baumannii	blaOXA-377	1
Acinetobacter baumannii	blaOXA-378	8
Acinetobacter baumannii	blaOXA-381	1
Acinetobacter baumannii	blaOXA-383	3
Acinetobacter baumannii	blaOXA-387	1
Acinetobacter baumannii	blaOXA-401	1
Acinetobacter baumannii	blaOXA-402	28
Acinetobacter baumannii	blaOXA-407	20
Acinetobacter baumannii	blaOXA-417	8
Acinetobacter baumannii	blaOXA-420	8
Acinetobacter baumannii	blaOXA-421	25
Acinetobacter baumannii	blaOXA-424	2
Acinetobacter baumannii	blaOXA-425	1
Acinetobacter baumannii	blaOXA-426	2
Acinetobacter baumannii	blaOXA-431	2
Acinetobacter baumannii	blaOXA-433	1
Acinetobacter baumannii	blaOXA-441	1
Acinetobacter baumannii	blaOXA-497	1
Acinetobacter baumannii	blaOXA-499	1
Acinetobacter baumannii	blaOXA-500	112
Acinetobacter baumannii	blaOXA-501	1
Acinetobacter baumannii	blaOXA-502	4
Acinetobacter baumannii	blaOXA-503	1
Acinetobacter baumannii	blaOXA-506	25
Acinetobacter baumannii	blaOXA-51	33
Acinetobacter baumannii	blaOXA-510	4
Acinetobacter baumannii	blaOXA-533	1
Acinetobacter baumannii	blaOXA-545	1
Acinetobacter baumannii	blaOXA-555	2
Acinetobacter baumannii	blaOXA-558	3
Acinetobacter baumannii	blaOXA-564	1
Acinetobacter baumannii	blaOXA-58	169
Acinetobacter baumannii	blaOXA-64	181
Acinetobacter baumannii	blaOXA-642	1
Acinetobacter baumannii	blaOXA-65	194
Acinetobacter baumannii	blaOXA-654	13
Acinetobacter baumannii	blaOXA-66	2386
Acinetobacter baumannii	blaOXA-67	7
Acinetobacter baumannii	blaOXA-679	1
Acinetobacter baumannii	blaOXA-68	128
Acinetobacter baumannii	blaOXA-685	1
Acinetobacter baumannii	blaOXA-69	360
Acinetobacter baumannii	blaOXA-70	7
Acinetobacter baumannii	blaOXA-707	2
Acinetobacter baumannii	blaOXA-71	171
Acinetobacter baumannii	blaOXA-710	1
Acinetobacter baumannii	blaOXA-715	1
Acinetobacter baumannii	blaOXA-716	1
Acinetobacter baumannii	blaOXA-717	2
Acinetobacter baumannii	blaOXA-72	123
Acinetobacter baumannii	blaOXA-735	2
Acinetobacter baumannii	blaOXA-739	1
Acinetobacter baumannii	blaOXA-75	1
Acinetobacter baumannii	blaOXA-770	1
Acinetobacter baumannii	blaOXA-78	9
Acinetobacter baumannii	blaOXA-80	8
Acinetobacter baumannii	blaOXA-819	1
Acinetobacter baumannii	blaOXA-82	580
Acinetobacter baumannii	blaOXA-821	2
Acinetobacter baumannii	blaOXA-83	17
Acinetobacter baumannii	blaOXA-88	2
Acinetobacter baumannii	blaOXA-9	2
Acinetobacter baumannii	blaOXA-90	58
Acinetobacter baumannii	blaOXA-91	37
Acinetobacter baumannii	blaOXA-92	2
Acinetobacter baumannii	blaOXA-94	52
Acinetobacter baumannii	blaOXA-95	37
Acinetobacter baumannii	blaOXA-96	1
Acinetobacter baumannii	blaOXA-98	56
Acinetobacter baumannii	blaOXA-99	3
Acinetobacter baumannii	blaPDC	1
Acinetobacter baumannii	blaPER	10
Acinetobacter baumannii	blaPER-1	105
Acinetobacter baumannii	blaPER-10	4
Acinetobacter baumannii	blaPER-7	98
Acinetobacter baumannii	blaPER-8	1
Acinetobacter baumannii	blaPER-9	1
Acinetobacter baumannii	blaPSE	14
Acinetobacter baumannii	blaRTG	11
Acinetobacter baumannii	blaSHV	17
Acinetobacter baumannii	blaSHV-1	1
Acinetobacter baumannii	blaSHV-12	11
Acinetobacter baumannii	blaSHV-5	2
Acinetobacter baumannii	blaTEM	33
Acinetobacter baumannii	blaTEM-1	1741
Acinetobacter baumannii	blaTEM-2	1
Acinetobacter baumannii	blaTEM-229	1
Acinetobacter baumannii	blaTMB-1	1
Acinetobacter baumannii	blaVEB	9
Acinetobacter baumannii	blaVEB-1	4
Acinetobacter baumannii	blaVEB-21	2
Acinetobacter baumannii	blaVEB-9	2
Acinetobacter baumannii	blaVIM	3
Acinetobacter baumannii	blaVIM-2	1
Acinetobacter baumannii	ble	150
Acinetobacter baumannii	ble-Sh	2
Acinetobacter baumannii	catA1	158
Acinetobacter baumannii	catB	2
Acinetobacter baumannii	catB11	3
Acinetobacter baumannii	catB2	1
Acinetobacter baumannii	catB3	35
Acinetobacter baumannii	catB8	731
Acinetobacter baumannii	cfxA6	1
Acinetobacter baumannii	clpK	1
Acinetobacter baumannii	cmlA	2
Acinetobacter baumannii	cmlA1	19
Acinetobacter baumannii	cmlA4	1
Acinetobacter baumannii	cmlA5	107
Acinetobacter baumannii	cmlA6	11
Acinetobacter baumannii	cmlB1	3
Acinetobacter baumannii	dfrA1	97
Acinetobacter baumannii	dfrA10	1
Acinetobacter baumannii	dfrA12	5
Acinetobacter baumannii	dfrA14	2
Acinetobacter baumannii	dfrA15	1
Acinetobacter baumannii	dfrA16	11
Acinetobacter baumannii	dfrA17	1
Acinetobacter baumannii	dfrA19	28
Acinetobacter baumannii	dfrA20	2
Acinetobacter baumannii	dfrA23	1
Acinetobacter baumannii	dfrA5	3
Acinetobacter baumannii	dfrA7	27
Acinetobacter baumannii	dfrB1	3
Acinetobacter baumannii	erm(B)	1
Acinetobacter baumannii	erm(C)	1
Acinetobacter baumannii	erm(F)	1
Acinetobacter baumannii	floR	155
Acinetobacter baumannii	floR2	3
Acinetobacter baumannii	fos	142
Acinetobacter baumannii	fosA	1
Acinetobacter baumannii	fosA3	9
Acinetobacter baumannii	mcr-1.1	1
Acinetobacter baumannii	mcr-4.3	4
Acinetobacter baumannii	mph(A)	2
Acinetobacter baumannii	mph(E)	2215
Acinetobacter baumannii	mph_3	2
Acinetobacter baumannii	msr(E)	2218
Acinetobacter baumannii	qacE	143
Acinetobacter baumannii	qacEdelta1	2336
Acinetobacter baumannii	qacG2	3
Acinetobacter baumannii	qacL	1
Acinetobacter baumannii	qnrA	1
Acinetobacter baumannii	qnrB19	1
Acinetobacter baumannii	qnrS	2
Acinetobacter baumannii	qnrS1	1
Acinetobacter baumannii	rmt	1
Acinetobacter baumannii	rmtE	1
Acinetobacter baumannii	sat1	24
Acinetobacter baumannii	sat2	66
Acinetobacter baumannii	sul1	2343
Acinetobacter baumannii	sul2	2404
Acinetobacter baumannii	tet	2
Acinetobacter baumannii	tet(39)	244
Acinetobacter baumannii	tet(A)	288
Acinetobacter baumannii	tet(B)	2588
Acinetobacter baumannii	tet(D)	1
Acinetobacter baumannii	tet(G)	6
Acinetobacter baumannii	tet(H)	1
Acinetobacter baumannii	tet(X)	8
Acinetobacter baumannii	tetA	311
Acinetobacter baumannii	vanS	1
Campylobacter jejuni	aac(6')-Ie	6
Campylobacter jejuni	aac(6')-Im	2
Campylobacter jejuni	aad9	218
Campylobacter jejuni	aadE	128
Campylobacter jejuni	aadE-Cc	546
Campylobacter jejuni	ant(6)	14
Campylobacter jejuni	ant(6)-Ia	497
Campylobacter jejuni	ant(6)-Ib	2
Campylobacter jejuni	aph(2'')-IIIa	10
Campylobacter jejuni	aph(2'')-IIa	2
Campylobacter jejuni	aph(2'')-Ia	18
Campylobacter jejuni	aph(2'')-If	78
Campylobacter jejuni	aph(2'')-If2	1
Campylobacter jejuni	aph(2'')-Ig	49
Campylobacter jejuni	aph(2'')-Ih	4
Campylobacter jejuni	aph(3')	4
Campylobacter jejuni	aph(3')-IIIa	1273
Campylobacter jejuni	aph(3')-VIIa	329
Campylobacter jejuni	bcrB	1
Campylobacter jejuni	bcrC	1
Campylobacter jejuni	bla	1
Campylobacter jejuni	blaOXA	1663
Campylobacter jejuni	blaOXA-184	526
Campylobacter jejuni	blaOXA-185	11
Campylobacter jejuni	blaOXA-193	4260
Campylobacter jejuni	blaOXA-447	95
Campylobacter jejuni	blaOXA-448	5
Campylobacter jejuni	blaOXA-449	61
Campylobacter jejuni	blaOXA-450	10
Campylobacter jejuni	blaOXA-451	2
Campylobacter jejuni	blaOXA-452	21
Campylobacter jejuni	blaOXA-453	99
Campylobacter jejuni	blaOXA-460	331
Campylobacter jejuni	blaOXA-461	148
Campylobacter jejuni	blaOXA-465	17
Campylobacter jejuni	blaOXA-466	56
Campylobacter jejuni	blaOXA-489	474
Campylobacter jejuni	blaOXA-493	47
Campylobacter jejuni	blaOXA-518	2
Campylobacter jejuni	blaOXA-576	1
Campylobacter jejuni	blaOXA-577	20
Campylobacter jejuni	blaOXA-578	93
Campylobacter jejuni	blaOXA-579	1
Campylobacter jejuni	blaOXA-580	21
Campylobacter jejuni	blaOXA-581	1
Campylobacter jejuni	blaOXA-583	5
Campylobacter jejuni	blaOXA-584	2
Campylobacter jejuni	blaOXA-590	2
Campylobacter jejuni	blaOXA-591	9
Campylobacter jejuni	blaOXA-592	3
Campylobacter jejuni	blaOXA-594	202
Campylobacter jejuni	blaOXA-595	11
Campylobacter jejuni	blaOXA-597	8
Campylobacter jejuni	blaOXA-601	11
Campylobacter jejuni	blaOXA-602	2
Campylobacter jejuni	blaOXA-603	75
Campylobacter jejuni	blaOXA-608	2
Campylobacter jejuni	blaOXA-61	220
Campylobacter jejuni	blaOXA-610	2
Campylobacter jejuni	blaOXA-611	6
Campylobacter jejuni	blaOXA-614	8
Campylobacter jejuni	blaOXA-617	5
Campylobacter jejuni	blaOXA-622	4
Campylobacter jejuni	blaOXA-623	87
Campylobacter jejuni	blaOXA-624	3
Campylobacter jejuni	blaOXA-625	14
Campylobacter jejuni	blaOXA-628	2
Campylobacter jejuni	blaOXA-629	8
Campylobacter jejuni	blaOXA-630	4
Campylobacter jejuni	blaOXA-631	16
Campylobacter jejuni	blaOXA-632	2
Campylobacter jejuni	blaOXA-637	4
Campylobacter jejuni	blaOXA-638	17
Campylobacter jejuni	blaOXA-639	1
Campylobacter jejuni	blaOXA-658	13
Campylobacter jejuni	blaOXA-784	2
Campylobacter jejuni	blaOXA-785	6
Campylobacter jejuni	cat-TC	2
Campylobacter jejuni	catA13	12
Campylobacter jejuni	cfr(C)	5
Campylobacter jejuni	dfrC	1
Campylobacter jejuni	erm(B)	20
Campylobacter jejuni	lnu(C)	114
Campylobacter jejuni	qnrD1	1
Campylobacter jejuni	sat4	537
Campylobacter jejuni	spw	10
Campylobacter jejuni	tet(44)	3
Campylobacter jejuni	tet(L)	2
Campylobacter jejuni	tet(O)	5121
Campylobacter jejuni	tet(W)	41
Campylobacter jejuni	tet_rib_protect	2
Clostridioides difficile	aac(6')-Ie	257
Clostridioides difficile	aac(6')-Im	4
Clostridioides difficile	aad9	69
Clostridioides difficile	aadE	372
Clostridioides difficile	abc-f	1106
Clostridioides difficile	ant(6)	3
Clostridioides difficile	ant(6)-Ia	154
Clostridioides difficile	ant(6)-Ib	26
Clostridioides difficile	aph(2'')	2
Clostridioides difficile	aph(2'')-I	1
Clostridioides difficile	aph(2'')-IIa	4
Clostridioides difficile	aph(2'')-IVa	9
Clostridioides difficile	aph(2'')-Ia	204
Clostridioides difficile	aph(2'')-If	50
Clostridioides difficile	aph(2'')-If2	22
Clostridioides difficile	aph(2'')-Ih	2
Clostridioides difficile	aph(3')-IIIa	122
Clostridioides difficile	arr	9
Clostridioides difficile	blaCDD	40
Clostridioides difficile	blaCDD-1	1
Clostridioides difficile	blaCTX-M-2	1
Clostridioides difficile	blaR1	2613
Clostridioides difficile	blaTEM-116	2
Clostridioides difficile	blaTEM-171	2
Clostridioides difficile	catA	8
Clostridioides difficile	catA1	1
Clostridioides difficile	catP	13
Clostridioides difficile	cfr	1
Clostridioides difficile	cfr(B)	38
Clostridioides difficile	cfr(C)	4
Clostridioides difficile	dfrF	117
Clostridioides difficile	erm	1
Clostridioides difficile	erm(B)	612
Clostridioides difficile	erm(G)	5
Clostridioides difficile	erm(Q)	5
Clostridioides difficile	fosX	81
Clostridioides difficile	lnu(C)	3
Clostridioides difficile	lsa	105
Clostridioides difficile	mef(A)	11
Clostridioides difficile	msr(D)	5
Clostridioides difficile	npmA	2
Clostridioides difficile	sat4	121
Clostridioides difficile	spw	33
Clostridioides difficile	tet(40)	109
Clostridioides difficile	tet(44)	26
Clostridioides difficile	tet(M)	601
Clostridioides difficile	tet(O)	20
Clostridioides difficile	tet(T)	1
Clostridioides difficile	tet(W)	4
Clostridioides difficile	tetA(P)	34
Clostridioides difficile	tetB(P)	33
Clostridioides difficile	vanG	1946
Clostridioides difficile	vanR	2306
Clostridioides difficile	vanS	2013
Clostridioides difficile	vanT	2019
Clostridioides difficile	vanU	2
Clostridioides difficile	vanW	4
Clostridioides difficile	vanXY	3
Clostridioides difficile	vanY	1
Clostridioides difficile	vanY-G1	2
Clostridioides difficile	vanZ1	1753
Clostridioides difficile	vat	9
Escherichia coli	blaEC	9590
Escherichia coli	sul2	2423
Escherichia coli	aph(6)-Id	2275
Escherichia coli	aph(3'')-Ib	2265
Escherichia coli	blaTEM-1	2092
Escherichia coli	tet(A)	1719
Escherichia coli	qacEdelta1	1401
Escherichia coli	sul1	1380
Escherichia coli	tet(B)	1350
Escherichia coli	aadA1	1168
Escherichia coli	dfrA1	801
Escherichia coli	mph(A)	765
Escherichia coli	catA1	618
Escherichia coli	dfrA17	544
Escherichia coli	aadA5	503
Escherichia coli	blaOXA-1	475
Escherichia coli	aph(3')-Ia	469
Escherichia coli	floR	390
Escherichia coli	aadA2	361
Escherichia coli	sat2	316
Escherichia coli	blaCTX-M-15	300
Escherichia coli	blaEC-5	299
Escherichia coli	aac(3)-IId	289
Escherichia coli	dfrA12	281
Escherichia coli	dfrA14	270
Escherichia coli	sat1	270
Escherichia coli	qnrS1	216
Escherichia coli	dfrA8	212
Escherichia coli	sul3	200
Escherichia coli	blaCMY-2	178
Escherichia coli	qacL	178
Escherichia coli	cmlA1	165
Escherichia coli	dfrA7	157
Escherichia coli	blaTEM	146
Escherichia coli	catB3	144
Escherichia coli	aac(3)-IIa	139
Escherichia coli	aac(6')-Ib-cr	119
Escherichia coli	ble	114
Escherichia coli	dfrA5	112
Escherichia coli	tet(M)	112
Escherichia coli	aac(6')-Ib-cr5	103
Escherichia coli	aac(3)	99
Escherichia coli	ampC	98
Escherichia coli	blaCTX-M-55	91
Escherichia coli	aac(3)-IV	89
Escherichia coli	fosA	89
Escherichia coli	erm(B)	88
Escherichia coli	blaCTX-M-14	82
Escherichia coli	aph(4)-Ia	79
Escherichia coli	aac(3)-II	73
Escherichia coli	mcr-1.1	73
Escherichia coli	blaCTX-M-1	72
Escherichia coli	fosA3	70
Escherichia coli	bleO	67
Escherichia coli	oqxB	66
Escherichia coli	tet(C)	66
Escherichia coli	oqxA	65
Escherichia coli	qnrB19	53
Escherichia coli	bla	48
Escherichia coli	qacE	48
Escherichia coli	aac(6')-Ib	47
Escherichia coli	ant(3'')	47
Escherichia coli	ant(2'')-Ia	42
Escherichia coli	arr-3	42
Escherichia coli	mph(B)	41
Escherichia coli	aph(3')-IIa	39
Escherichia coli	tet(D)	39
Escherichia coli	aph(3'')	38
Escherichia coli	aac(3)-VIa	37
Escherichia coli	fosA7	36
Escherichia coli	qacG2	36
Escherichia coli	blaSHV-12	35
Escherichia coli	aph(6)-I	33
Escherichia coli	rmtB1	33
Escherichia coli	blaNDM-1	32
Escherichia coli	blaNDM-5	32
Escherichia coli	blaCMY	31
Escherichia coli	aadA22	29
Escherichia coli	lnu(F)	27
Escherichia coli	mef(B)	26
Escherichia coli	blaCTX-M-65	22
Escherichia coli	blaCTX-M	21
Escherichia coli	blaCTX-M-27	20
Escherichia coli	lnu(B)	20
Escherichia coli	blaNDM-9	17
Escherichia coli	dfrA15	17
Escherichia coli	catA2	16
Escherichia coli	cmlA6	16
Escherichia coli	aadA12	15
Escherichia coli	aph(3')-II	14
Escherichia coli	cmlA5	14
Escherichia coli	aadA16	13
Escherichia coli	blaOXA	13
Escherichia coli	blaOXA-2	13
Escherichia coli	dfrA27	13
Escherichia coli	qnrB4	13
Escherichia coli	aac(6')-Ib3	12
Escherichia coli	ant	12
Escherichia coli	aph(6)-Ic	12
Escherichia coli	blaCARB-2	12
Escherichia coli	blaDHA-1	12
Escherichia coli	blaKPC-3	12
Escherichia coli	blaTEM-30	12
Escherichia coli	ere(A)	12
Escherichia coli	mph(E)	12
Escherichia coli	msr(E)	12
Escherichia coli	qepA	12
Escherichia coli	aac(6')-Ib4	11
Escherichia coli	armA	11
Escherichia coli	arr	11
Escherichia coli	blaSHV-1	11
Escherichia coli	oqxA2	10
Escherichia coli	aadA25	9
Escherichia coli	aadA7	9
Escherichia coli	arr-2	9
Escherichia coli	blaHER-3	9
Escherichia coli	blaOXA-10	9
Escherichia coli	blaOXA-48	9
Escherichia coli	blaOXA-9	9
Escherichia coli	blaTEM-116	9
Escherichia coli	blaTEM-135	9
Escherichia coli	dfrA19	9
Escherichia coli	mcr-9.1	9
Escherichia coli	rmtC	9
Escherichia coli	blaCMY-4	8
Escherichia coli	blaCMY-42	8
Escherichia coli	blaCMY-6	8
Escherichia coli	erm(T)	8
Escherichia coli	fosA4	8
Escherichia coli	tet	8
Escherichia coli	blaKPC-2	7
Escherichia coli	blaTEM-40	7
Escherichia coli	dfrA16	7
Escherichia coli	mcr-1	7
Escherichia coli	qnrS	7
Escherichia coli	qnrS2	7
Escherichia coli	aadA13	6
Escherichia coli	blaCTX-M-123	6
Escherichia coli	blaCTX-M-3	6
Escherichia coli	blaTEM-52	6
Escherichia coli	dfrA3b	6
Escherichia coli	erm(42)	6
Escherichia coli	lnu(G)	6
Escherichia coli	tet(X)	6
Escherichia coli	aac(6')-Il	5
Escherichia coli	blaCTX-M-24	5
Escherichia coli	blaLAP-2	5
Escherichia coli	dfr7	5
Escherichia coli	dfrB1	5
Escherichia coli	qepA1	5
Escherichia coli	qnrA1	5
Escherichia coli	qnrB2	5
Escherichia coli	aac(6')	4
Escherichia coli	aac(6')-Ib'	4
Escherichia coli	aac(6')-Ib11	4
Escherichia coli	blaSHV	4
Escherichia coli	dfrA25	4
Escherichia coli	dfrB4	4
Escherichia coli	fos	4
Escherichia coli	mcr-3.1	4
Escherichia coli	mph_3	4
Escherichia coli	oqxB2	4
Escherichia coli	qnrB1	4
Escherichia coli	aac(2')-IIa	3
Escherichia coli	aadA4	3
Escherichia coli	aadA6	3
Escherichia coli	abc-f	3
Escherichia coli	blaCTX-M-8	3
Escherichia coli	blaSRT	3
Escherichia coli	blaTEM-12	3
Escherichia coli	blaTEM-19	3
Escherichia coli	blaTEM-33	3
Escherichia coli	dfrA23	3
Escherichia coli	qepA4	3
Escherichia coli	qnrB6	3
Escherichia coli	tet(41)	3
Escherichia coli	tet(H-J)	3
Escherichia coli	aph(3')	2
Escherichia coli	aph(3')-VI	2
Escherichia coli	blaCMY-140	2
Escherichia coli	blaCTX-M-2	2
Escherichia coli	blaFOX-5	2
Escherichia coli	blaIMP-1	2
Escherichia coli	blaIMP-4	2
Escherichia coli	blaLAP	2
Escherichia coli	blaOXA-181	2
Escherichia coli	blaOXA-244	2
Escherichia coli	blaTEM-176	2
Escherichia coli	blaTEM-190	2
Escherichia coli	blaTEM-215	2
Escherichia coli	catA	2
Escherichia coli	cmlA	2
Escherichia coli	dfrA	2
Escherichia coli	dfrA21	2
Escherichia coli	fosA5	2
Escherichia coli	lnu	2
Escherichia coli	qnrB	2
Escherichia coli	qnrD1	2
Escherichia coli	rmtE	2
Escherichia coli	rmtE1	2
Escherichia coli	SAMN04546480	1
Escherichia coli	aac(3)-Ib	1
Escherichia coli	aac(6')-IIc	1
Escherichia coli	aac(6')-Ia	1
Escherichia coli	aac(6')-Ian	1
Escherichia coli	aac(6')-Ib-cr7	1
Escherichia coli	aadA10	1
Escherichia coli	aadA11	1
Escherichia coli	aadA15	1
Escherichia coli	aadA17	1
Escherichia coli	aadA24	1
Escherichia coli	aadD1	1
Escherichia coli	ant(3'')-Ia	1
Escherichia coli	aph(3')-VIa	1
Escherichia coli	aph(3')-VIb	1
Escherichia coli	aph(3')-XV	1
Escherichia coli	blaCMY-7	1
Escherichia coli	blaCTX-M-104	1
Escherichia coli	blaCTX-M-115	1
Escherichia coli	blaCTX-M-166	1
Escherichia coli	blaCTX-M-182	1
Escherichia coli	blaCTX-M-32	1
Escherichia coli	blaCTX-M-9	1
Escherichia coli	blaDHA-7	1
Escherichia coli	blaEC-15	1
Escherichia coli	blaGES-5	1
Escherichia coli	blaHER	1
Escherichia coli	blaI	1
Escherichia coli	blaIMP-26	1
Escherichia coli	blaIMP-27	1
Escherichia coli	blaKPC-4	1
Escherichia coli	blaNDM	1
Escherichia coli	blaNDM-7	1
Escherichia coli	blaOXA-129	1
Escherichia coli	blaOXA-163	1
Escherichia coli	blaOXA-4	1
Escherichia coli	blaPC1	1
Escherichia coli	blaPSE	1
Escherichia coli	blaSHV-11	1
Escherichia coli	blaSHV-2	1
Escherichia coli	blaSHV-27	1
Escherichia coli	blaSHV-7	1
Escherichia coli	blaTEM-10	1
Escherichia coli	blaTEM-105	1
Escherichia coli	blaTEM-148	1
Escherichia coli	blaTEM-154	1
Escherichia coli	blaTEM-156	1
Escherichia coli	blaTEM-169	1
Escherichia coli	blaTEM-181	1
Escherichia coli	blaTEM-208	1
Escherichia coli	blaTEM-35	1
Escherichia coli	blaTEM-57	1
Escherichia coli	blaTEM-84	1
Escherichia coli	blaVEB-1	1
Escherichia coli	blaVIM-4	1
Escherichia coli	catB	1
Escherichia coli	catB11	1
Escherichia coli	catB8	1
Escherichia coli	dfrA10	1
Escherichia coli	dfrA24	1
Escherichia coli	dfrA26	1
Escherichia coli	dfrA34	1
Escherichia coli	erm	1
Escherichia coli	erm(F)	1
Escherichia coli	erm-23S_rRNA	1
Escherichia coli	fexA	1
Escherichia coli	hugA	1
Escherichia coli	lnu(A)	1
Escherichia coli	mcr-3	1
Escherichia coli	oqxB25	1
Escherichia coli	oqxB29	1
Escherichia coli	oqxB5	1
Escherichia coli	qacA	1
Escherichia coli	qacC	1
Escherichia coli	qnrA3	1
Escherichia coli	qnrB10	1
Escherichia coli	qnrB7	1
Escherichia coli	qnrD	1
Escherichia coli	qnrS12	1
Escherichia coli	qnrS13	1
Escherichia coli	qnrVC4	1
Escherichia coli	rmtB	1
Escherichia coli	rmtB3	1
Escherichia coli	tet(31)	1
Escherichia coli	tet(G)	1
Escherichia coli	tet(K)	1
Escherichia coli	tet(Y)	1
Escherichia coli	tetA	1
Escherichia coli	vanS	1
Escherichia coli	vat	1
Enterobacter	aac(2')-IIa	1
Enterobacter	aac(3)	15
Enterobacter	aac(3)-I	14
Enterobacter	aac(3)-II	200
Enterobacter	aac(3)-IIa	252
Enterobacter	aac(3)-IIb	1
Enterobacter	aac(3)-IId	173
Enterobacter	aac(3)-IV	14
Enterobacter	aac(3)-Ib	21
Enterobacter	aac(3)-VIa	6
Enterobacter	aac(6')	4
Enterobacter	aac(6')-29	1
Enterobacter	aac(6')-30	1
Enterobacter	aac(6')-IIa	7
Enterobacter	aac(6')-IIc	213
Enterobacter	aac(6')-Ia	3
Enterobacter	aac(6')-Ian	2
Enterobacter	aac(6')-Ib	233
Enterobacter	aac(6')-Ib'	125
Enterobacter	aac(6')-Ib-cr	47
Enterobacter	aac(6')-Ib-cr5	359
Enterobacter	aac(6')-Ib11	7
Enterobacter	aac(6')-Ib3	130
Enterobacter	aac(6')-Ib4	116
Enterobacter	aac(6')-Ie	1
Enterobacter	aac(6')-Il	24
Enterobacter	aac(6')-Im	5
Enterobacter	aacA32	1
Enterobacter	aacA56	2
Enterobacter	aacA8	1
Enterobacter	aadA1	561
Enterobacter	aadA10	1
Enterobacter	aadA11	4
Enterobacter	aadA13	1
Enterobacter	aadA16	52
Enterobacter	aadA2	387
Enterobacter	aadA21	2
Enterobacter	aadA25	1
Enterobacter	aadA5	26
Enterobacter	aadA6	1
Enterobacter	ampC	25
Enterobacter	ant(2'')-Ia	154
Enterobacter	ant(3'')	6
Enterobacter	ant(3'')-IIa	2
Enterobacter	ant(3'')-Ia	6
Enterobacter	aph(2'')-I	3
Enterobacter	aph(2'')-IIa	5
Enterobacter	aph(2'')-Ia	1
Enterobacter	aph(3'')	7
Enterobacter	aph(3'')-Ib	804
Enterobacter	aph(3')	8
Enterobacter	aph(3')-I	31
Enterobacter	aph(3')-II	16
Enterobacter	aph(3')-IIa	3
Enterobacter	aph(3')-Ia	359
Enterobacter	aph(3')-Ib	1
Enterobacter	aph(3')-VI	13
Enterobacter	aph(3')-VIa	7
Enterobacter	aph(3')-XV	5
Enterobacter	aph(4)-Ia	14
Enterobacter	aph(6)-Ic	1
Enterobacter	aph(6)-Id	821
Enterobacter	armA	40
Enterobacter	arr	184
Enterobacter	arr-2	11
Enterobacter	arr-3	172
Enterobacter	bla	31
Enterobacter	blaACT	802
Enterobacter	blaACT-12	1
Enterobacter	blaACT-14	1
Enterobacter	blaACT-15	53
Enterobacter	blaACT-16	173
Enterobacter	blaACT-17	383
Enterobacter	blaACT-19	2
Enterobacter	blaACT-23	30
Enterobacter	blaACT-24	128
Enterobacter	blaACT-25	60
Enterobacter	blaACT-27	26
Enterobacter	blaACT-28	20
Enterobacter	blaACT-37	18
Enterobacter	blaACT-39	1
Enterobacter	blaACT-4	2
Enterobacter	blaACT-40	10
Enterobacter	blaACT-41	12
Enterobacter	blaACT-42	2
Enterobacter	blaACT-43	3
Enterobacter	blaACT-44	13
Enterobacter	blaACT-45	199
Enterobacter	blaACT-46	14
Enterobacter	blaACT-47	5
Enterobacter	blaACT-48	10
Enterobacter	blaACT-49	5
Enterobacter	blaACT-50	1
Enterobacter	blaACT-51	2
Enterobacter	blaACT-52	27
Enterobacter	blaACT-53	6
Enterobacter	blaACT-55	36
Enterobacter	blaACT-56	65
Enterobacter	blaACT-57	7
Enterobacter	blaACT-59	1
Enterobacter	blaACT-60	1
Enterobacter	blaACT-61	1
Enterobacter	blaACT-64	5
Enterobacter	blaACT-65	8
Enterobacter	blaACT-66	3
Enterobacter	blaACT-67	6
Enterobacter	blaACT-69	2
Enterobacter	blaADC	1
Enterobacter	blaCARB-2	22
Enterobacter	blaCMH	105
Enterobacter	blaCMH-3	7
Enterobacter	blaCMH-4	10
Enterobacter	blaCMY	3
Enterobacter	blaCMY-4	3
Enterobacter	blaCMY-6	2
Enterobacter	blaCTX-M	21
Enterobacter	blaCTX-M-12	8
Enterobacter	blaCTX-M-13	1
Enterobacter	blaCTX-M-14	13
Enterobacter	blaCTX-M-15	276
Enterobacter	blaCTX-M-2	1
Enterobacter	blaCTX-M-224	1
Enterobacter	blaCTX-M-27	1
Enterobacter	blaCTX-M-3	41
Enterobacter	blaCTX-M-36	4
Enterobacter	blaCTX-M-55	1
Enterobacter	blaCTX-M-65	5
Enterobacter	blaCTX-M-8	1
Enterobacter	blaCTX-M-9	56
Enterobacter	blaCTX-M-96	1
Enterobacter	blaDHA	4
Enterobacter	blaDHA-1	25
Enterobacter	blaDHA-7	1
Enterobacter	blaEC	7
Enterobacter	blaFONA	3
Enterobacter	blaFOX-3	1
Enterobacter	blaFOX-5	15
Enterobacter	blaFRI	2
Enterobacter	blaFRI-4	1
Enterobacter	blaGES	9
Enterobacter	blaGES-2	1
Enterobacter	blaGES-24	1
Enterobacter	blaGES-5	1
Enterobacter	blaGES-6	9
Enterobacter	blaGIM-1	1
Enterobacter	blaI	1
Enterobacter	blaIMI	1
Enterobacter	blaIMI-1	25
Enterobacter	blaIMI-12	1
Enterobacter	blaIMI-17	1
Enterobacter	blaIMI-2	3
Enterobacter	blaIMI-4	2
Enterobacter	blaIMI-7	1
Enterobacter	blaIMP	16
Enterobacter	blaIMP-1	83
Enterobacter	blaIMP-13	2
Enterobacter	blaIMP-14	2
Enterobacter	blaIMP-26	2
Enterobacter	blaIMP-4	91
Enterobacter	blaIMP-8	8
Enterobacter	blaKPC	3
Enterobacter	blaKPC-2	212
Enterobacter	blaKPC-3	198
Enterobacter	blaKPC-4	45
Enterobacter	blaKPC-5	1
Enterobacter	blaKPC-6	2
Enterobacter	blaLAP	6
Enterobacter	blaLAP-1	1
Enterobacter	blaLAP-2	100
Enterobacter	blaLEN-17	1
Enterobacter	blaMIR	48
Enterobacter	blaMIR-10	3
Enterobacter	blaMIR-11	1
Enterobacter	blaMIR-14	1
Enterobacter	blaMIR-15	8
Enterobacter	blaMIR-16	10
Enterobacter	blaMIR-17	2
Enterobacter	blaMIR-18	1
Enterobacter	blaMIR-19	2
Enterobacter	blaMIR-20	6
Enterobacter	blaMIR-21	3
Enterobacter	blaMIR-22	2
Enterobacter	blaMIR-3	21
Enterobacter	blaMIR-5	7
Enterobacter	blaMIR-7	5
Enterobacter	blaMIR-9	4
Enterobacter	blaNDM	7
Enterobacter	blaNDM-1	143
Enterobacter	blaNDM-4	5
Enterobacter	blaNDM-5	24
Enterobacter	blaNDM-7	4
Enterobacter	blaNMC-A	6
Enterobacter	blaOKP	1
Enterobacter	blaOXA	70
Enterobacter	blaOXA-1	360
Enterobacter	blaOXA-10	21
Enterobacter	blaOXA-129	16
Enterobacter	blaOXA-17	1
Enterobacter	blaOXA-181	5
Enterobacter	blaOXA-2	18
Enterobacter	blaOXA-35	2
Enterobacter	blaOXA-436	3
Enterobacter	blaOXA-48	41
Enterobacter	blaOXA-69	1
Enterobacter	blaOXA-9	167
Enterobacter	blaSCO-1	2
Enterobacter	blaSED	3
Enterobacter	blaSFO-1	13
Enterobacter	blaSHV	12
Enterobacter	blaSHV-1	2
Enterobacter	blaSHV-11	3
Enterobacter	blaSHV-12	386
Enterobacter	blaSHV-2A	2
Enterobacter	blaSHV-30	8
Enterobacter	blaSHV-5	13
Enterobacter	blaSHV-7	17
Enterobacter	blaSHV-75	1
Enterobacter	blaSRT	1
Enterobacter	blaTEM	63
Enterobacter	blaTEM-1	963
Enterobacter	blaTEM-116	2
Enterobacter	blaTEM-12	1
Enterobacter	blaTEM-15	1
Enterobacter	blaTEM-2	14
Enterobacter	blaTEM-26	1
Enterobacter	blaTLA-3	1
Enterobacter	blaTMB-1	1
Enterobacter	blaVEB-1	1
Enterobacter	blaVIM	2
Enterobacter	blaVIM-1	51
Enterobacter	blaVIM-31	1
Enterobacter	blaVIM-4	7
Enterobacter	blaVIM-5	1
Enterobacter	ble	192
Enterobacter	ble-Sh	1
Enterobacter	bleO	12
Enterobacter	catA	2151
Enterobacter	catA1	245
Enterobacter	catA2	323
Enterobacter	catB	1
Enterobacter	catB11	17
Enterobacter	catB2	12
Enterobacter	catB3	428
Enterobacter	catB6	1
Enterobacter	catB8	7
Enterobacter	cmlA	6
Enterobacter	cmlA1	33
Enterobacter	cmlA10	1
Enterobacter	cmlA4	1
Enterobacter	cmlA5	25
Enterobacter	cmlB	1
Enterobacter	cmx	1
Enterobacter	dfr7	3
Enterobacter	dfrA	9
Enterobacter	dfrA1	132
Enterobacter	dfrA12	121
Enterobacter	dfrA14	493
Enterobacter	dfrA15	86
Enterobacter	dfrA16	57
Enterobacter	dfrA17	13
Enterobacter	dfrA19	287
Enterobacter	dfrA21	19
Enterobacter	dfrA22	2
Enterobacter	dfrA25	1
Enterobacter	dfrA26	1
Enterobacter	dfrA27	38
Enterobacter	dfrA30	1
Enterobacter	dfrA5	21
Enterobacter	dfrA7	4
Enterobacter	dfrA8	8
Enterobacter	dfrB	1
Enterobacter	dfrB1	9
Enterobacter	dfrB3	2
Enterobacter	dfrB9	1
Enterobacter	ere(A)	202
Enterobacter	ere(B)	4
Enterobacter	erm	5
Enterobacter	erm(42)	4
Enterobacter	erm(B)	1
Enterobacter	erm-23S_rRNA	2
Enterobacter	floR	98
Enterobacter	floR2	20
Enterobacter	fos	6
Enterobacter	fosA	2071
Enterobacter	fosA2	25
Enterobacter	fosA3	9
Enterobacter	fosA5	1
Enterobacter	fosA7	5
Enterobacter	mcr-1.1	2
Enterobacter	mcr-3.1	1
Enterobacter	mcr-4.3	2
Enterobacter	mcr-9	73
Enterobacter	mcr-9.1	388
Enterobacter	mph(A)	282
Enterobacter	mph(E)	66
Enterobacter	msr(E)	69
Enterobacter	oqxA	28
Enterobacter	oqxB	2235
Enterobacter	oqxB14	1
Enterobacter	oqxB16	1
Enterobacter	oqxB19	1
Enterobacter	oqxB25	1
Enterobacter	oqxB5	2
Enterobacter	qacE	306
Enterobacter	qacEdelta1	849
Enterobacter	qacF	25
Enterobacter	qacG2	92
Enterobacter	qacL	20
Enterobacter	qepA1	2
Enterobacter	qnr	1
Enterobacter	qnrA	2
Enterobacter	qnrA1	183
Enterobacter	qnrB	22
Enterobacter	qnrB1	217
Enterobacter	qnrB10	1
Enterobacter	qnrB19	59
Enterobacter	qnrB2	162
Enterobacter	qnrB3	1
Enterobacter	qnrB4	29
Enterobacter	qnrB5	1
Enterobacter	qnrB52	1
Enterobacter	qnrB6	49
Enterobacter	qnrB7	6
Enterobacter	qnrB9	2
Enterobacter	qnrD1	1
Enterobacter	qnrE	35
Enterobacter	qnrE1	1
Enterobacter	qnrS	4
Enterobacter	qnrS1	208
Enterobacter	qnrS14	1
Enterobacter	qnrS2	7
Enterobacter	qnrS4	1
Enterobacter	qnrVC1	1
Enterobacter	rmtB	2
Enterobacter	rmtB1	20
Enterobacter	rmtB4	2
Enterobacter	rmtC	36
Enterobacter	rmtD2	1
Enterobacter	rmtE	2
Enterobacter	rmtE2	3
Enterobacter	rmtG	6
Enterobacter	sat2	46
Enterobacter	smr	9
Enterobacter	sul1	1004
Enterobacter	sul2	641
Enterobacter	sul3	5
Enterobacter	tet(A)	313
Enterobacter	tet(B)	80
Enterobacter	tet(C)	21
Enterobacter	tet(D)	197
Enterobacter	tet(E)	1
Enterobacter	tet(G)	65
Enterobacter	tet(X)	1
Enterobacter	vat	3
Klebsiella pneumoniae	aac(2')-IIa	3
Klebsiella pneumoniae	aac(3)	3
Klebsiella pneumoniae	aac(3)-I	31
Klebsiella pneumoniae	aac(3)-II	115
Klebsiella pneumoniae	aac(3)-IIa	1434
Klebsiella pneumoniae	aac(3)-IId	780
Klebsiella pneumoniae	aac(3)-IV	318
Klebsiella pneumoniae	aac(3)-Ib	4
Klebsiella pneumoniae	aac(3)-Ic	1
Klebsiella pneumoniae	aac(3)-VIa	9
Klebsiella pneumoniae	aac(6')	15
Klebsiella pneumoniae	aac(6')-29	1
Klebsiella pneumoniae	aac(6')-31	6
Klebsiella pneumoniae	aac(6')-33	32
Klebsiella pneumoniae	aac(6')-IIa	3
Klebsiella pneumoniae	aac(6')-IIc	31
Klebsiella pneumoniae	aac(6')-Ia	2
Klebsiella pneumoniae	aac(6')-Iai	1
Klebsiella pneumoniae	aac(6')-Ian	16
Klebsiella pneumoniae	aac(6')-Ib	2533
Klebsiella pneumoniae	aac(6')-Ib'	338
Klebsiella pneumoniae	aac(6')-Ib-cr	107
Klebsiella pneumoniae	aac(6')-Ib-cr5	1876
Klebsiella pneumoniae	aac(6')-Ib-cr7	13
Klebsiella pneumoniae	aac(6')-Ib11	40
Klebsiella pneumoniae	aac(6')-Ib3	204
Klebsiella pneumoniae	aac(6')-Ib4	78
Klebsiella pneumoniae	aac(6')-Ie	4
Klebsiella pneumoniae	aac(6')-Il	54
Klebsiella pneumoniae	aac(6')-Im	12
Klebsiella pneumoniae	aac(6')-Iq	23
Klebsiella pneumoniae	aacA16	6
Klebsiella pneumoniae	aacA34	4
Klebsiella pneumoniae	aacA38	2
Klebsiella pneumoniae	aacA56	2
Klebsiella pneumoniae	aacA8	1
Klebsiella pneumoniae	aadA1	1696
Klebsiella pneumoniae	aadA10	5
Klebsiella pneumoniae	aadA11	2
Klebsiella pneumoniae	aadA12	3
Klebsiella pneumoniae	aadA13	2
Klebsiella pneumoniae	aadA15	16
Klebsiella pneumoniae	aadA16	363
Klebsiella pneumoniae	aadA2	3125
Klebsiella pneumoniae	aadA22	8
Klebsiella pneumoniae	aadA3	2
Klebsiella pneumoniae	aadA4	8
Klebsiella pneumoniae	aadA5	152
Klebsiella pneumoniae	aadA7	1
Klebsiella pneumoniae	aadA8	10
Klebsiella pneumoniae	aadD1	2
Klebsiella pneumoniae	aadS	1
Klebsiella pneumoniae	abc-f	2
Klebsiella pneumoniae	ampC	317
Klebsiella pneumoniae	ant(2'')-Ia	208
Klebsiella pneumoniae	ant(3'')	22
Klebsiella pneumoniae	ant(3'')-IIa	3
Klebsiella pneumoniae	ant(3'')-Ia	2
Klebsiella pneumoniae	ant(6)	1
Klebsiella pneumoniae	ant(6)-Ia	3
Klebsiella pneumoniae	ant(9)-Ia	1
Klebsiella pneumoniae	aph(2'')-IIa	11
Klebsiella pneumoniae	aph(2'')-Ia	5
Klebsiella pneumoniae	aph(3'')	1
Klebsiella pneumoniae	aph(3'')-Ib	2636
Klebsiella pneumoniae	aph(3')	3
Klebsiella pneumoniae	aph(3')-I	2
Klebsiella pneumoniae	aph(3')-II	22
Klebsiella pneumoniae	aph(3')-IIIa	4
Klebsiella pneumoniae	aph(3')-IIa	20
Klebsiella pneumoniae	aph(3')-Ia	2171
Klebsiella pneumoniae	aph(3')-Ib	1
Klebsiella pneumoniae	aph(3')-VI	148
Klebsiella pneumoniae	aph(3')-VIa	54
Klebsiella pneumoniae	aph(3')-VIb	21
Klebsiella pneumoniae	aph(3')-XV	9
Klebsiella pneumoniae	aph(4)-Ia	315
Klebsiella pneumoniae	aph(6)-Ic	2
Klebsiella pneumoniae	aph(6)-Id	2637
Klebsiella pneumoniae	aphA16	5
Klebsiella pneumoniae	armA	282
Klebsiella pneumoniae	arr	60
Klebsiella pneumoniae	arr-2	339
Klebsiella pneumoniae	arr-3	550
Klebsiella pneumoniae	arr-4	1
Klebsiella pneumoniae	arr-5	1
Klebsiella pneumoniae	bla	48
Klebsiella pneumoniae	bla2	1
Klebsiella pneumoniae	blaACC-1	6
Klebsiella pneumoniae	blaACT	2
Klebsiella pneumoniae	blaACT-17	2
Klebsiella pneumoniae	blaACT-45	1
Klebsiella pneumoniae	blaADC	1
Klebsiella pneumoniae	blaADC-76	1
Klebsiella pneumoniae	blaCARB-2	26
Klebsiella pneumoniae	blaCKO	1
Klebsiella pneumoniae	blaCMH	1
Klebsiella pneumoniae	blaCMY	18
Klebsiella pneumoniae	blaCMY-13	6
Klebsiella pneumoniae	blaCMY-16	23
Klebsiella pneumoniae	blaCMY-2	38
Klebsiella pneumoniae	blaCMY-30	1
Klebsiella pneumoniae	blaCMY-4	24
Klebsiella pneumoniae	blaCMY-6	43
Klebsiella pneumoniae	blaCMY-8	1
Klebsiella pneumoniae	blaCMY-8b	1
Klebsiella pneumoniae	blaCMY-94	1
Klebsiella pneumoniae	blaCTX-M	162
Klebsiella pneumoniae	blaCTX-M-1	23
Klebsiella pneumoniae	blaCTX-M-10	5
Klebsiella pneumoniae	blaCTX-M-104	2
Klebsiella pneumoniae	blaCTX-M-12	14
Klebsiella pneumoniae	blaCTX-M-131	1
Klebsiella pneumoniae	blaCTX-M-132	1
Klebsiella pneumoniae	blaCTX-M-14	188
Klebsiella pneumoniae	blaCTX-M-141	1
Klebsiella pneumoniae	blaCTX-M-15	2470
Klebsiella pneumoniae	blaCTX-M-173	1
Klebsiella pneumoniae	blaCTX-M-199	9
Klebsiella pneumoniae	blaCTX-M-2	122
Klebsiella pneumoniae	blaCTX-M-22	1
Klebsiella pneumoniae	blaCTX-M-24	3
Klebsiella pneumoniae	blaCTX-M-25	5
Klebsiella pneumoniae	blaCTX-M-27	49
Klebsiella pneumoniae	blaCTX-M-28	1
Klebsiella pneumoniae	blaCTX-M-3	87
Klebsiella pneumoniae	blaCTX-M-32	2
Klebsiella pneumoniae	blaCTX-M-33	2
Klebsiella pneumoniae	blaCTX-M-35	1
Klebsiella pneumoniae	blaCTX-M-36	1
Klebsiella pneumoniae	blaCTX-M-39	1
Klebsiella pneumoniae	blaCTX-M-40	3
Klebsiella pneumoniae	blaCTX-M-55	36
Klebsiella pneumoniae	blaCTX-M-56	3
Klebsiella pneumoniae	blaCTX-M-59	3
Klebsiella pneumoniae	blaCTX-M-61	1
Klebsiella pneumoniae	blaCTX-M-63	38
Klebsiella pneumoniae	blaCTX-M-65	360
Klebsiella pneumoniae	blaCTX-M-68	1
Klebsiella pneumoniae	blaCTX-M-71	2
Klebsiella pneumoniae	blaCTX-M-8	16
Klebsiella pneumoniae	blaCTX-M-9	27
Klebsiella pneumoniae	blaCTX-M-90	1
Klebsiella pneumoniae	blaCTX-M-96	6
Klebsiella pneumoniae	blaDHA	39
Klebsiella pneumoniae	blaDHA-1	186
Klebsiella pneumoniae	blaDHA-25	1
Klebsiella pneumoniae	blaDHA-6	1
Klebsiella pneumoniae	blaDHA-7	1
Klebsiella pneumoniae	blaEC	12
Klebsiella pneumoniae	blaFONA	3
Klebsiella pneumoniae	blaFOX	3
Klebsiella pneumoniae	blaFOX-5	11
Klebsiella pneumoniae	blaFRI	9
Klebsiella pneumoniae	blaGES	1
Klebsiella pneumoniae	blaGES-1	1
Klebsiella pneumoniae	blaGES-11	1
Klebsiella pneumoniae	blaGES-13	1
Klebsiella pneumoniae	blaGES-24	3
Klebsiella pneumoniae	blaGES-5	18
Klebsiella pneumoniae	blaGES-6	5
Klebsiella pneumoniae	blaGES-7	1
Klebsiella pneumoniae	blaIMI	1
Klebsiella pneumoniae	blaIMP	3
Klebsiella pneumoniae	blaIMP-1	11
Klebsiella pneumoniae	blaIMP-14	4
Klebsiella pneumoniae	blaIMP-19	1
Klebsiella pneumoniae	blaIMP-26	4
Klebsiella pneumoniae	blaIMP-4	36
Klebsiella pneumoniae	blaIMP-6	3
Klebsiella pneumoniae	blaIMP-8	1
Klebsiella pneumoniae	blaKLUC-2	2
Klebsiella pneumoniae	blaKPC	47
Klebsiella pneumoniae	blaKPC-12	2
Klebsiella pneumoniae	blaKPC-2	1596
Klebsiella pneumoniae	blaKPC-23	8
Klebsiella pneumoniae	blaKPC-3	1408
Klebsiella pneumoniae	blaKPC-31	2
Klebsiella pneumoniae	blaKPC-33	3
Klebsiella pneumoniae	blaKPC-38	1
Klebsiella pneumoniae	blaKPC-4	11
Klebsiella pneumoniae	blaKPC-6	2
Klebsiella pneumoniae	blaKPC-7	1
Klebsiella pneumoniae	blaLAP	17
Klebsiella pneumoniae	blaLAP-1	4
Klebsiella pneumoniae	blaLAP-2	355
Klebsiella pneumoniae	blaLEN	141
Klebsiella pneumoniae	blaLEN-10	8
Klebsiella pneumoniae	blaLEN-11	12
Klebsiella pneumoniae	blaLEN-13	35
Klebsiella pneumoniae	blaLEN-16	88
Klebsiella pneumoniae	blaLEN-17	26
Klebsiella pneumoniae	blaLEN-19	1
Klebsiella pneumoniae	blaLEN-2	63
Klebsiella pneumoniae	blaLEN-22	4
Klebsiella pneumoniae	blaLEN-24	3
Klebsiella pneumoniae	blaLEN-25	7
Klebsiella pneumoniae	blaLEN-26	2
Klebsiella pneumoniae	blaLEN-28	4
Klebsiella pneumoniae	blaLEN-7	11
Klebsiella pneumoniae	blaLEN-8	15
Klebsiella pneumoniae	blaLEN-9	27
Klebsiella pneumoniae	blaMOX-1	1
Klebsiella pneumoniae	blaMOX-2	3
Klebsiella pneumoniae	blaNDM	19
Klebsiella pneumoniae	blaNDM-1	568
Klebsiella pneumoniae	blaNDM-19	27
Klebsiella pneumoniae	blaNDM-4	9
Klebsiella pneumoniae	blaNDM-5	65
Klebsiella pneumoniae	blaNDM-6	2
Klebsiella pneumoniae	blaNDM-7	22
Klebsiella pneumoniae	blaNDM-9	3
Klebsiella pneumoniae	blaNMC-A	1
Klebsiella pneumoniae	blaOKP	169
Klebsiella pneumoniae	blaOKP-A-10	3
Klebsiella pneumoniae	blaOKP-A-11	16
Klebsiella pneumoniae	blaOKP-A-12	7
Klebsiella pneumoniae	blaOKP-A-17	3
Klebsiella pneumoniae	blaOKP-A-2	4
Klebsiella pneumoniae	blaOKP-A-3	9
Klebsiella pneumoniae	blaOKP-A-4	5
Klebsiella pneumoniae	blaOKP-A-5	23
Klebsiella pneumoniae	blaOKP-A-6	5
Klebsiella pneumoniae	blaOKP-A-8	5
Klebsiella pneumoniae	blaOKP-B-1	19
Klebsiella pneumoniae	blaOKP-B-17	26
Klebsiella pneumoniae	blaOKP-B-18	1
Klebsiella pneumoniae	blaOKP-B-19	2
Klebsiella pneumoniae	blaOKP-B-2	13
Klebsiella pneumoniae	blaOKP-B-23	8
Klebsiella pneumoniae	blaOKP-B-3	4
Klebsiella pneumoniae	blaOKP-B-4	1
Klebsiella pneumoniae	blaOKP-B-5	27
Klebsiella pneumoniae	blaOKP-B-6	36
Klebsiella pneumoniae	blaOKP-B-7	10
Klebsiella pneumoniae	blaOKP-B-8	18
Klebsiella pneumoniae	blaOKP-B-9	1
Klebsiella pneumoniae	blaORN	1
Klebsiella pneumoniae	blaOXA	1478
Klebsiella pneumoniae	blaOXA-1	1624
Klebsiella pneumoniae	blaOXA-10	130
Klebsiella pneumoniae	blaOXA-129	1
Klebsiella pneumoniae	blaOXA-162	3
Klebsiella pneumoniae	blaOXA-163	8
Klebsiella pneumoniae	blaOXA-17	11
Klebsiella pneumoniae	blaOXA-181	41
Klebsiella pneumoniae	blaOXA-2	131
Klebsiella pneumoniae	blaOXA-204	5
Klebsiella pneumoniae	blaOXA-21	6
Klebsiella pneumoniae	blaOXA-23	2
Klebsiella pneumoniae	blaOXA-232	313
Klebsiella pneumoniae	blaOXA-244	2
Klebsiella pneumoniae	blaOXA-245	7
Klebsiella pneumoniae	blaOXA-392	1
Klebsiella pneumoniae	blaOXA-4	7
Klebsiella pneumoniae	blaOXA-427	1
Klebsiella pneumoniae	blaOXA-436	1
Klebsiella pneumoniae	blaOXA-48	361
Klebsiella pneumoniae	blaOXA-517	1
Klebsiella pneumoniae	blaOXA-519	1
Klebsiella pneumoniae	blaOXA-58	5
Klebsiella pneumoniae	blaOXA-66	1
Klebsiella pneumoniae	blaOXA-663	1
Klebsiella pneumoniae	blaOXA-68	1
Klebsiella pneumoniae	blaOXA-9	846
Klebsiella pneumoniae	blaOXY	19
Klebsiella pneumoniae	blaOXY-1-1	4
Klebsiella pneumoniae	blaOXY-1-2	4
Klebsiella pneumoniae	blaOXY-1-3	3
Klebsiella pneumoniae	blaOXY-2-12	1
Klebsiella pneumoniae	blaOXY-2-7	1
Klebsiella pneumoniae	blaOXY-4-1	1
Klebsiella pneumoniae	blaOXY-5-1	1
Klebsiella pneumoniae	blaOXY-6-1	3
Klebsiella pneumoniae	blaOXY-6-2	1
Klebsiella pneumoniae	blaOXY-6-4	1
Klebsiella pneumoniae	blaPER	1
Klebsiella pneumoniae	blaPER-2	39
Klebsiella pneumoniae	blaPLA	1
Klebsiella pneumoniae	blaPSE	1
Klebsiella pneumoniae	blaSCO	3
Klebsiella pneumoniae	blaSCO-1	154
Klebsiella pneumoniae	blaSFO-1	11
Klebsiella pneumoniae	blaSHV	994
Klebsiella pneumoniae	blaSHV-1	1898
Klebsiella pneumoniae	blaSHV-100	3
Klebsiella pneumoniae	blaSHV-103	1
Klebsiella pneumoniae	blaSHV-105	1
Klebsiella pneumoniae	blaSHV-106	11
Klebsiella pneumoniae	blaSHV-108	48
Klebsiella pneumoniae	blaSHV-11	4174
Klebsiella pneumoniae	blaSHV-110	29
Klebsiella pneumoniae	blaSHV-111	2
Klebsiella pneumoniae	blaSHV-119	13
Klebsiella pneumoniae	blaSHV-12	1078
Klebsiella pneumoniae	blaSHV-120	1
Klebsiella pneumoniae	blaSHV-121	7
Klebsiella pneumoniae	blaSHV-13	1
Klebsiella pneumoniae	blaSHV-133	3
Klebsiella pneumoniae	blaSHV-134	3
Klebsiella pneumoniae	blaSHV-135	1
Klebsiella pneumoniae	blaSHV-14	25
Klebsiella pneumoniae	blaSHV-142	7
Klebsiella pneumoniae	blaSHV-144	3
Klebsiella pneumoniae	blaSHV-146	1
Klebsiella pneumoniae	blaSHV-154	1
Klebsiella pneumoniae	blaSHV-157	5
Klebsiella pneumoniae	blaSHV-161	2
Klebsiella pneumoniae	blaSHV-164	10
Klebsiella pneumoniae	blaSHV-168	37
Klebsiella pneumoniae	blaSHV-18	2
Klebsiella pneumoniae	blaSHV-180	1
Klebsiella pneumoniae	blaSHV-186	1
Klebsiella pneumoniae	blaSHV-187	144
Klebsiella pneumoniae	blaSHV-195	1
Klebsiella pneumoniae	blaSHV-196	1
Klebsiella pneumoniae	blaSHV-198	1
Klebsiella pneumoniae	blaSHV-2	83
Klebsiella pneumoniae	blaSHV-204	2
Klebsiella pneumoniae	blaSHV-206	6
Klebsiella pneumoniae	blaSHV-207	8
Klebsiella pneumoniae	blaSHV-209	1
Klebsiella pneumoniae	blaSHV-210	1
Klebsiella pneumoniae	blaSHV-211	1
Klebsiella pneumoniae	blaSHV-213	1
Klebsiella pneumoniae	blaSHV-217	3
Klebsiella pneumoniae	blaSHV-220	7
Klebsiella pneumoniae	blaSHV-223	1
Klebsiella pneumoniae	blaSHV-224	2
Klebsiella pneumoniae	blaSHV-25	19
Klebsiella pneumoniae	blaSHV-26	104
Klebsiella pneumoniae	blaSHV-27	191
Klebsiella pneumoniae	blaSHV-28	689
Klebsiella pneumoniae	blaSHV-2A	71
Klebsiella pneumoniae	blaSHV-30	7
Klebsiella pneumoniae	blaSHV-31	5
Klebsiella pneumoniae	blaSHV-32	35
Klebsiella pneumoniae	blaSHV-33	95
Klebsiella pneumoniae	blaSHV-36	54
Klebsiella pneumoniae	blaSHV-37	12
Klebsiella pneumoniae	blaSHV-38	12
Klebsiella pneumoniae	blaSHV-40	10
Klebsiella pneumoniae	blaSHV-41	19
Klebsiella pneumoniae	blaSHV-42	16
Klebsiella pneumoniae	blaSHV-44	3
Klebsiella pneumoniae	blaSHV-45	5
Klebsiella pneumoniae	blaSHV-5	118
Klebsiella pneumoniae	blaSHV-52	15
Klebsiella pneumoniae	blaSHV-55	24
Klebsiella pneumoniae	blaSHV-60	35
Klebsiella pneumoniae	blaSHV-61	11
Klebsiella pneumoniae	blaSHV-62	15
Klebsiella pneumoniae	blaSHV-63	3
Klebsiella pneumoniae	blaSHV-65	5
Klebsiella pneumoniae	blaSHV-7	19
Klebsiella pneumoniae	blaSHV-71	27
Klebsiella pneumoniae	blaSHV-75	40
Klebsiella pneumoniae	blaSHV-76	47
Klebsiella pneumoniae	blaSHV-77	13
Klebsiella pneumoniae	blaSHV-80	8
Klebsiella pneumoniae	blaSHV-93	2
Klebsiella pneumoniae	blaSIM-1	1
Klebsiella pneumoniae	blaTEM	1306
Klebsiella pneumoniae	blaTEM-1	4596
Klebsiella pneumoniae	blaTEM-10	4
Klebsiella pneumoniae	blaTEM-106	1
Klebsiella pneumoniae	blaTEM-110	1
Klebsiella pneumoniae	blaTEM-116	2
Klebsiella pneumoniae	blaTEM-12	1
Klebsiella pneumoniae	blaTEM-133	2
Klebsiella pneumoniae	blaTEM-135	5
Klebsiella pneumoniae	blaTEM-15	4
Klebsiella pneumoniae	blaTEM-169	3
Klebsiella pneumoniae	blaTEM-17	4
Klebsiella pneumoniae	blaTEM-176	1
Klebsiella pneumoniae	blaTEM-19	3
Klebsiella pneumoniae	blaTEM-190	1
Klebsiella pneumoniae	blaTEM-191	2
Klebsiella pneumoniae	blaTEM-2	3
Klebsiella pneumoniae	blaTEM-20	1
Klebsiella pneumoniae	blaTEM-206	2
Klebsiella pneumoniae	blaTEM-210	3
Klebsiella pneumoniae	blaTEM-213	8
Klebsiella pneumoniae	blaTEM-215	1
Klebsiella pneumoniae	blaTEM-237	1
Klebsiella pneumoniae	blaTEM-24	2
Klebsiella pneumoniae	blaTEM-28	1
Klebsiella pneumoniae	blaTEM-29	1
Klebsiella pneumoniae	blaTEM-3	2
Klebsiella pneumoniae	blaTEM-30	9
Klebsiella pneumoniae	blaTEM-33	1
Klebsiella pneumoniae	blaTEM-34	1
Klebsiella pneumoniae	blaTEM-35	1
Klebsiella pneumoniae	blaTEM-4	4
Klebsiella pneumoniae	blaTEM-40	1
Klebsiella pneumoniae	blaTEM-52	9
Klebsiella pneumoniae	blaTEM-63	4
Klebsiella pneumoniae	blaTEM-77	1
Klebsiella pneumoniae	blaTEM-84	1
Klebsiella pneumoniae	blaTEM-9	2
Klebsiella pneumoniae	blaTER	1
Klebsiella pneumoniae	blaVEB	1
Klebsiella pneumoniae	blaVEB-1	21
Klebsiella pneumoniae	blaVEB-3	2
Klebsiella pneumoniae	blaVEB-5	19
Klebsiella pneumoniae	blaVEB-9	1
Klebsiella pneumoniae	blaVIM	3
Klebsiella pneumoniae	blaVIM-1	67
Klebsiella pneumoniae	blaVIM-19	4
Klebsiella pneumoniae	blaVIM-24	1
Klebsiella pneumoniae	blaVIM-27	4
Klebsiella pneumoniae	blaVIM-29	3
Klebsiella pneumoniae	blaVIM-4	7
Klebsiella pneumoniae	blaVIM-5	2
Klebsiella pneumoniae	ble	729
Klebsiella pneumoniae	ble-Sh	1
Klebsiella pneumoniae	bleO	39
Klebsiella pneumoniae	catA	9
Klebsiella pneumoniae	catA1	2089
Klebsiella pneumoniae	catA13	5
Klebsiella pneumoniae	catA2	616
Klebsiella pneumoniae	catB	161
Klebsiella pneumoniae	catB11	18
Klebsiella pneumoniae	catB2	28
Klebsiella pneumoniae	catB3	1694
Klebsiella pneumoniae	catB6	2
Klebsiella pneumoniae	catB8	6
Klebsiella pneumoniae	cfr	2
Klebsiella pneumoniae	clpK	39
Klebsiella pneumoniae	cmlA	2
Klebsiella pneumoniae	cmlA1	334
Klebsiella pneumoniae	cmlA10	2
Klebsiella pneumoniae	cmlA4	24
Klebsiella pneumoniae	cmlA5	191
Klebsiella pneumoniae	cmlA6	4
Klebsiella pneumoniae	cmx	1
Klebsiella pneumoniae	dfr18	1
Klebsiella pneumoniae	dfr7	5
Klebsiella pneumoniae	dfrA	17
Klebsiella pneumoniae	dfrA1	510
Klebsiella pneumoniae	dfrA10	4
Klebsiella pneumoniae	dfrA12	2399
Klebsiella pneumoniae	dfrA14	2091
Klebsiella pneumoniae	dfrA15	82
Klebsiella pneumoniae	dfrA16	33
Klebsiella pneumoniae	dfrA17	153
Klebsiella pneumoniae	dfrA19	49
Klebsiella pneumoniae	dfrA21	17
Klebsiella pneumoniae	dfrA22	16
Klebsiella pneumoniae	dfrA23	21
Klebsiella pneumoniae	dfrA25	29
Klebsiella pneumoniae	dfrA26	27
Klebsiella pneumoniae	dfrA27	354
Klebsiella pneumoniae	dfrA30	114
Klebsiella pneumoniae	dfrA32	2
Klebsiella pneumoniae	dfrA35	1
Klebsiella pneumoniae	dfrA3b	1
Klebsiella pneumoniae	dfrA5	166
Klebsiella pneumoniae	dfrA7	34
Klebsiella pneumoniae	dfrA8	48
Klebsiella pneumoniae	dfrB1	17
Klebsiella pneumoniae	dfrB3	3
Klebsiella pneumoniae	dfrB4	1
Klebsiella pneumoniae	dfrB9	1
Klebsiella pneumoniae	dfrG	5
Klebsiella pneumoniae	ere(A)	121
Klebsiella pneumoniae	ere(B)	17
Klebsiella pneumoniae	erm	6
Klebsiella pneumoniae	erm(42)	40
Klebsiella pneumoniae	erm(B)	129
Klebsiella pneumoniae	erm(C)	1
Klebsiella pneumoniae	fexA	1
Klebsiella pneumoniae	floR	350
Klebsiella pneumoniae	floR2	39
Klebsiella pneumoniae	fos	70
Klebsiella pneumoniae	fosA	9830
Klebsiella pneumoniae	fosA3	125
Klebsiella pneumoniae	fosA5	147
Klebsiella pneumoniae	fosA7	138
Klebsiella pneumoniae	fosB	1
Klebsiella pneumoniae	fosD	1
Klebsiella pneumoniae	fosX	1
Klebsiella pneumoniae	lnu(A)	3
Klebsiella pneumoniae	lnu(B)	1
Klebsiella pneumoniae	lnu(F)	13
Klebsiella pneumoniae	lnu(G)	1
Klebsiella pneumoniae	lsa(E)	1
Klebsiella pneumoniae	mcr-1	2
Klebsiella pneumoniae	mcr-1.1	30
Klebsiella pneumoniae	mcr-1.2	4
Klebsiella pneumoniae	mcr-3	2
Klebsiella pneumoniae	mcr-3.1	2
Klebsiella pneumoniae	mcr-3.20	1
Klebsiella pneumoniae	mcr-3.21	4
Klebsiella pneumoniae	mcr-3.22	4
Klebsiella pneumoniae	mcr-3.23	2
Klebsiella pneumoniae	mcr-3.4	1
Klebsiella pneumoniae	mcr-8	2
Klebsiella pneumoniae	mcr-8.1	2
Klebsiella pneumoniae	mcr-8.2	8
Klebsiella pneumoniae	mcr-9	16
Klebsiella pneumoniae	mcr-9.1	45
Klebsiella pneumoniae	mef(B)	12
Klebsiella pneumoniae	mph(A)	2804
Klebsiella pneumoniae	mph(B)	6
Klebsiella pneumoniae	mph(E)	302
Klebsiella pneumoniae	msr(E)	303
Klebsiella pneumoniae	oqxA	8303
Klebsiella pneumoniae	oqxA10	342
Klebsiella pneumoniae	oqxA11	257
Klebsiella pneumoniae	oqxA2	1
Klebsiella pneumoniae	oqxA3	102
Klebsiella pneumoniae	oqxA4	5
Klebsiella pneumoniae	oqxA6	8
Klebsiella pneumoniae	oqxA7	1
Klebsiella pneumoniae	oqxB	5922
Klebsiella pneumoniae	oqxB10	2
Klebsiella pneumoniae	oqxB14	133
Klebsiella pneumoniae	oqxB15	78
Klebsiella pneumoniae	oqxB16	3
Klebsiella pneumoniae	oqxB17	13
Klebsiella pneumoniae	oqxB19	1488
Klebsiella pneumoniae	oqxB20	239
Klebsiella pneumoniae	oqxB21	6
Klebsiella pneumoniae	oqxB22	6
Klebsiella pneumoniae	oqxB25	682
Klebsiella pneumoniae	oqxB27	23
Klebsiella pneumoniae	oqxB32	409
Klebsiella pneumoniae	oqxB5	316
Klebsiella pneumoniae	oqxB6	22
Klebsiella pneumoniae	oqxB7	4
Klebsiella pneumoniae	oqxB9	106
Klebsiella pneumoniae	qac	1
Klebsiella pneumoniae	qacC	3
Klebsiella pneumoniae	qacE	658
Klebsiella pneumoniae	qacEdelta1	4410
Klebsiella pneumoniae	qacF	13
Klebsiella pneumoniae	qacG2	34
Klebsiella pneumoniae	qacK	1
Klebsiella pneumoniae	qacL	340
Klebsiella pneumoniae	qepA	1
Klebsiella pneumoniae	qepA1	7
Klebsiella pneumoniae	qepA2	2
Klebsiella pneumoniae	qepA4	2
Klebsiella pneumoniae	qepA8	1
Klebsiella pneumoniae	qnrA	2
Klebsiella pneumoniae	qnrA1	81
Klebsiella pneumoniae	qnrA3	3
Klebsiella pneumoniae	qnrA6	7
Klebsiella pneumoniae	qnrB	61
Klebsiella pneumoniae	qnrB1	955
Klebsiella pneumoniae	qnrB10	16
Klebsiella pneumoniae	qnrB12	1
Klebsiella pneumoniae	qnrB17	5
Klebsiella pneumoniae	qnrB19	102
Klebsiella pneumoniae	qnrB2	49
Klebsiella pneumoniae	qnrB4	167
Klebsiella pneumoniae	qnrB52	20
Klebsiella pneumoniae	qnrB6	193
Klebsiella pneumoniae	qnrB67	1
Klebsiella pneumoniae	qnrB7	3
Klebsiella pneumoniae	qnrB9	27
Klebsiella pneumoniae	qnrB91	22
Klebsiella pneumoniae	qnrD	2
Klebsiella pneumoniae	qnrD1	2
Klebsiella pneumoniae	qnrE	3
Klebsiella pneumoniae	qnrE1	24
Klebsiella pneumoniae	qnrE2	2
Klebsiella pneumoniae	qnrS	34
Klebsiella pneumoniae	qnrS1	915
Klebsiella pneumoniae	qnrS2	10
Klebsiella pneumoniae	qnrVC4	1
Klebsiella pneumoniae	rmt	1
Klebsiella pneumoniae	rmtB	3
Klebsiella pneumoniae	rmtB1	442
Klebsiella pneumoniae	rmtC	94
Klebsiella pneumoniae	rmtD	1
Klebsiella pneumoniae	rmtD1	4
Klebsiella pneumoniae	rmtD2	1
Klebsiella pneumoniae	rmtE	2
Klebsiella pneumoniae	rmtE2	1
Klebsiella pneumoniae	rmtF	24
Klebsiella pneumoniae	rmtF1	134
Klebsiella pneumoniae	rmtF2	1
Klebsiella pneumoniae	rmtG	17
Klebsiella pneumoniae	rmtH	2
Klebsiella pneumoniae	sat2	129
Klebsiella pneumoniae	sat4	4
Klebsiella pneumoniae	smr	12
Klebsiella pneumoniae	spw	1
Klebsiella pneumoniae	str	1
Klebsiella pneumoniae	sul1	4566
Klebsiella pneumoniae	sul2	2738
Klebsiella pneumoniae	sul3	335
Klebsiella pneumoniae	sul4	1
Klebsiella pneumoniae	tet	2
Klebsiella pneumoniae	tet(59)	1
Klebsiella pneumoniae	tet(A)	1948
Klebsiella pneumoniae	tet(B)	355
Klebsiella pneumoniae	tet(C)	26
Klebsiella pneumoniae	tet(D)	884
Klebsiella pneumoniae	tet(E)	1
Klebsiella pneumoniae	tet(G)	41
Klebsiella pneumoniae	tet(J)	1
Klebsiella pneumoniae	tet(L)	3
Klebsiella pneumoniae	tet(M)	9
Klebsiella pneumoniae	tet(S)	1
Klebsiella pneumoniae	tet(W)	1
Klebsiella pneumoniae	tet(X)	2
Klebsiella pneumoniae	tetA(P)	1
Klebsiella pneumoniae	vanA	1
Klebsiella pneumoniae	vanH-A	1
Klebsiella pneumoniae	vanR	2
Klebsiella pneumoniae	vanS	2
Klebsiella pneumoniae	vanX-A	1
Klebsiella pneumoniae	vanY	1
Klebsiella pneumoniae	vanY-A	1
Klebsiella pneumoniae	vanZ-A	1
Klebsiella pneumoniae	vat	2
Klebsiella pneumoniae	vga(A)	1
Legionella pneumophila	aac(3)	2
Legionella pneumophila	aac(3)-I	1
Legionella pneumophila	aadA1	5
Legionella pneumophila	ant(3'')	1
Legionella pneumophila	ant(6)	947
Legionella pneumophila	aph(3'')-Ib	3
Legionella pneumophila	aph(3')-Ia	2
Legionella pneumophila	aph(6)-Id	3
Legionella pneumophila	aph(9)-Ia	2027
Legionella pneumophila	bla	25
Legionella pneumophila	blaOXA	2048
Legionella pneumophila	blaOXA-29	142
Legionella pneumophila	blaTEM-116	1
Legionella pneumophila	blaTEM-181	2
Legionella pneumophila	catA1	16
Legionella pneumophila	catB	2
Listeria monocytogenes	GCA_004390605.1	1
Listeria monocytogenes	GCA_004484305.1	1
Listeria monocytogenes	GCA_004590695.1	1
Listeria monocytogenes	GCA_004590755.1	1
Listeria monocytogenes	aac(6')	1
Listeria monocytogenes	aadA1	1
Listeria monocytogenes	aadD1	1
Listeria monocytogenes	abc-f	1659
Listeria monocytogenes	ant(6)-Ia	1
Listeria monocytogenes	ant(9)-Ia	1
Listeria monocytogenes	aph(3')-IIa	4
Listeria monocytogenes	bcrB	1282
Listeria monocytogenes	bcrC	1281
Listeria monocytogenes	blaI	2
Listeria monocytogenes	blaR1	1
Listeria monocytogenes	blaTEM	1
Listeria monocytogenes	blaTEM-116	4
Listeria monocytogenes	blaZ	2
Listeria monocytogenes	ble-Sh	3
Listeria monocytogenes	bleO	1
Listeria monocytogenes	cat-TC	41
Listeria monocytogenes	catA1	43
Listeria monocytogenes	cfr	1
Listeria monocytogenes	dfrC	1
Listeria monocytogenes	dfrE	10
Listeria monocytogenes	dfrG	7
Listeria monocytogenes	erm(A)	1
Listeria monocytogenes	erm(B)	4
Listeria monocytogenes	erm(C)	3
Listeria monocytogenes	erm(G)	2
Listeria monocytogenes	fexA	3
Listeria monocytogenes	fosB	2
Listeria monocytogenes	fosX	9993
Listeria monocytogenes	lin	9866
Listeria monocytogenes	lnu(A)	2
Listeria monocytogenes	lnu(G)	3
Listeria monocytogenes	lsa	1
Listeria monocytogenes	lsa(A)	7
Listeria monocytogenes	mef(A)	4
Listeria monocytogenes	mph(B)	3
Listeria monocytogenes	mph(C)	3
Listeria monocytogenes	msr(A)	2
Listeria monocytogenes	msr(D)	3
Listeria monocytogenes	qacA	3
Listeria monocytogenes	qacB	1
Listeria monocytogenes	qacG	2
Listeria monocytogenes	qacH	2
Listeria monocytogenes	qnrB	2
Listeria monocytogenes	tet(C)	1
Listeria monocytogenes	tet(K)	2
Listeria monocytogenes	tet(L)	7
Listeria monocytogenes	tet(M)	133
Listeria monocytogenes	tet(O)	2
Listeria monocytogenes	tet(S)	7
Listeria monocytogenes	tetA(46)	1
Listeria monocytogenes	tetB(46)	1
Listeria monocytogenes	vanC	17
Listeria monocytogenes	vanR	22
Listeria monocytogenes	vanS	11
Listeria monocytogenes	vanT	18
Listeria monocytogenes	vanXY-C	17
Listeria monocytogenes	vga(A)	1
Listeria monocytogenes	vga(A)-LC	1
Mycobacterium tuberculosis	aac(2')-Ic	7961
Mycobacterium tuberculosis	aac(2')-Ie	6
Mycobacterium tuberculosis	aadA1	8
Mycobacterium tuberculosis	aadD1	1
Mycobacterium tuberculosis	ant(3'')	1
Mycobacterium tuberculosis	ant(9)-Ib	1
Mycobacterium tuberculosis	aph(3')-IIIa	1
Mycobacterium tuberculosis	aph(3')-Ia	1
Mycobacterium tuberculosis	aph(7'')-Ia	9
Mycobacterium tuberculosis	arr	4
Mycobacterium tuberculosis	bla	5
Mycobacterium tuberculosis	blaA	7965
Mycobacterium tuberculosis	blaI	2
Mycobacterium tuberculosis	blaR1	2
Mycobacterium tuberculosis	blaTEM	1
Mycobacterium tuberculosis	blaTEM-116	4
Mycobacterium tuberculosis	blaTEM-171	1
Mycobacterium tuberculosis	blaZ	2
Mycobacterium tuberculosis	bleO	1
Mycobacterium tuberculosis	catA	1
Mycobacterium tuberculosis	cfxA3	1
Mycobacterium tuberculosis	dfrC	1
Mycobacterium tuberculosis	erm(37)	7946
Mycobacterium tuberculosis	fosB	1
Mycobacterium tuberculosis	msr(A)	1
Mycobacterium tuberculosis	qacC	2
Mycobacterium tuberculosis	sat4	1
Mycobacterium tuberculosis	tet(C)	2
Mycobacterium tuberculosis	vanA	1
Mycobacterium tuberculosis	vanH-A	1
Mycobacterium tuberculosis	vanR	1
Mycobacterium tuberculosis	vanS	1
Mycobacterium tuberculosis	vanX	127
Mycobacterium tuberculosis	vanX-A	1
Mycobacterium tuberculosis	vga(A)	6
Neisseria	aph(3'')-Ib	1
Neisseria	aph(3')-Ia	2
Neisseria	aph(6)-Id	1
Neisseria	bla	59
Neisseria	blaROB-1	2
Neisseria	blaTEM	108
Neisseria	blaTEM-1	156
Neisseria	blaTEM-135	144
Neisseria	blaTEM-2	1
Neisseria	catA1	1
Neisseria	catP	1
Neisseria	erm(C)	2
Neisseria	tet	1
Neisseria	tet(B)	133
Neisseria	tet(C)	2
Neisseria	tet(M)	487
Neisseria	tet(M-W-O-S)	1
Pseudomonas aeruginosa	aac(2')-IIa	2
Pseudomonas aeruginosa	aac(3)	83
Pseudomonas aeruginosa	aac(3)-I	148
Pseudomonas aeruginosa	aac(3)-II	5
Pseudomonas aeruginosa	aac(3)-IIIa	6
Pseudomonas aeruginosa	aac(3)-IIIb	2
Pseudomonas aeruginosa	aac(3)-IIIc	1
Pseudomonas aeruginosa	aac(3)-IIa	25
Pseudomonas aeruginosa	aac(3)-IId	9
Pseudomonas aeruginosa	aac(3)-IV	2
Pseudomonas aeruginosa	aac(3)-Ia	2
Pseudomonas aeruginosa	aac(3)-Ib	3
Pseudomonas aeruginosa	aac(3)-Ic	56
Pseudomonas aeruginosa	aac(3)-Id	1
Pseudomonas aeruginosa	aac(6')	10
Pseudomonas aeruginosa	aac(6')-29	107
Pseudomonas aeruginosa	aac(6')-31	7
Pseudomonas aeruginosa	aac(6')-32	1
Pseudomonas aeruginosa	aac(6')-33	13
Pseudomonas aeruginosa	aac(6')-IIa	13
Pseudomonas aeruginosa	aac(6')-IIb	1
Pseudomonas aeruginosa	aac(6')-IIc	13
Pseudomonas aeruginosa	aac(6')-Ia	1
Pseudomonas aeruginosa	aac(6')-Iae	2
Pseudomonas aeruginosa	aac(6')-Ib	250
Pseudomonas aeruginosa	aac(6')-Ib'	127
Pseudomonas aeruginosa	aac(6')-Ib-cr	1
Pseudomonas aeruginosa	aac(6')-Ib-cr5	9
Pseudomonas aeruginosa	aac(6')-Ib3	100
Pseudomonas aeruginosa	aac(6')-Ib4	164
Pseudomonas aeruginosa	aac(6')-Ie	1
Pseudomonas aeruginosa	aac(6')-Il	212
Pseudomonas aeruginosa	aac(6')-Im	1
Pseudomonas aeruginosa	aac(6')-Iq	3
Pseudomonas aeruginosa	aacA	2
Pseudomonas aeruginosa	aacA16	1
Pseudomonas aeruginosa	aacA34	1
Pseudomonas aeruginosa	aacA35	1
Pseudomonas aeruginosa	aacA37	6
Pseudomonas aeruginosa	aacA8	33
Pseudomonas aeruginosa	aadA1	198
Pseudomonas aeruginosa	aadA10	24
Pseudomonas aeruginosa	aadA11	32
Pseudomonas aeruginosa	aadA12	3
Pseudomonas aeruginosa	aadA13	23
Pseudomonas aeruginosa	aadA15	6
Pseudomonas aeruginosa	aadA16	2
Pseudomonas aeruginosa	aadA2	142
Pseudomonas aeruginosa	aadA21	2
Pseudomonas aeruginosa	aadA4	6
Pseudomonas aeruginosa	aadA5	6
Pseudomonas aeruginosa	aadA6	259
Pseudomonas aeruginosa	aadA7	61
Pseudomonas aeruginosa	aadA8	1
Pseudomonas aeruginosa	aadD1	1
Pseudomonas aeruginosa	ampC	67
Pseudomonas aeruginosa	ant(2'')-Ia	336
Pseudomonas aeruginosa	ant(3'')	14
Pseudomonas aeruginosa	ant(4')-IIb	17
Pseudomonas aeruginosa	aph(2'')-IIa	1
Pseudomonas aeruginosa	aph(3'')	243
Pseudomonas aeruginosa	aph(3'')-Ib	243
Pseudomonas aeruginosa	aph(3')	17
Pseudomonas aeruginosa	aph(3')-II	51
Pseudomonas aeruginosa	aph(3')-IIa	26
Pseudomonas aeruginosa	aph(3')-IIb	5251
Pseudomonas aeruginosa	aph(3')-Ia	69
Pseudomonas aeruginosa	aph(3')-Ib	12
Pseudomonas aeruginosa	aph(3')-VI	23
Pseudomonas aeruginosa	aph(3')-VIa	46
Pseudomonas aeruginosa	aph(3')-VIb	25
Pseudomonas aeruginosa	aph(3')-XV	71
Pseudomonas aeruginosa	aph(4)-Ia	2
Pseudomonas aeruginosa	aph(6)-I	3
Pseudomonas aeruginosa	aph(6)-Ic	20
Pseudomonas aeruginosa	aph(6)-Id	266
Pseudomonas aeruginosa	armA	5
Pseudomonas aeruginosa	arr	10
Pseudomonas aeruginosa	arr-2	49
Pseudomonas aeruginosa	arr-3	7
Pseudomonas aeruginosa	arr-4	10
Pseudomonas aeruginosa	arr-7	2
Pseudomonas aeruginosa	bcr1	21
Pseudomonas aeruginosa	bla	8
Pseudomonas aeruginosa	blaAER	1
Pseudomonas aeruginosa	blaAFM-1	1
Pseudomonas aeruginosa	blaBEL	1
Pseudomonas aeruginosa	blaCARB-1	3
Pseudomonas aeruginosa	blaCARB-2	78
Pseudomonas aeruginosa	blaCARB-3	2
Pseudomonas aeruginosa	blaCMY	1
Pseudomonas aeruginosa	blaCMY-4	1
Pseudomonas aeruginosa	blaCTX-M	2
Pseudomonas aeruginosa	blaCTX-M-15	4
Pseudomonas aeruginosa	blaCTX-M-2	6
Pseudomonas aeruginosa	blaCTX-M-206	2
Pseudomonas aeruginosa	blaCTX-M-3	1
Pseudomonas aeruginosa	blaCTX-M-30	2
Pseudomonas aeruginosa	blaDHA-1	1
Pseudomonas aeruginosa	blaDIM	1
Pseudomonas aeruginosa	blaDIM-1	8
Pseudomonas aeruginosa	blaFIM-1	2
Pseudomonas aeruginosa	blaGES	7
Pseudomonas aeruginosa	blaGES-1	14
Pseudomonas aeruginosa	blaGES-11	1
Pseudomonas aeruginosa	blaGES-13	3
Pseudomonas aeruginosa	blaGES-19	6
Pseudomonas aeruginosa	blaGES-20	4
Pseudomonas aeruginosa	blaGES-24	1
Pseudomonas aeruginosa	blaGES-26	1
Pseudomonas aeruginosa	blaGES-29	1
Pseudomonas aeruginosa	blaGES-5	26
Pseudomonas aeruginosa	blaGES-6	1
Pseudomonas aeruginosa	blaGES-7	2
Pseudomonas aeruginosa	blaGES-9	1
Pseudomonas aeruginosa	blaGIM-1	1
Pseudomonas aeruginosa	blaHMB	2
Pseudomonas aeruginosa	blaIMP	5
Pseudomonas aeruginosa	blaIMP-1	18
Pseudomonas aeruginosa	blaIMP-13	15
Pseudomonas aeruginosa	blaIMP-14	3
Pseudomonas aeruginosa	blaIMP-15	7
Pseudomonas aeruginosa	blaIMP-18	4
Pseudomonas aeruginosa	blaIMP-19	1
Pseudomonas aeruginosa	blaIMP-26	9
Pseudomonas aeruginosa	blaIMP-31	16
Pseudomonas aeruginosa	blaIMP-34	2
Pseudomonas aeruginosa	blaIMP-45	5
Pseudomonas aeruginosa	blaIMP-54	1
Pseudomonas aeruginosa	blaIMP-56	1
Pseudomonas aeruginosa	blaIMP-6	1
Pseudomonas aeruginosa	blaIMP-62	1
Pseudomonas aeruginosa	blaIMP-63	1
Pseudomonas aeruginosa	blaIMP-7	7
Pseudomonas aeruginosa	blaIMP-74	1
Pseudomonas aeruginosa	blaIMP-8	7
Pseudomonas aeruginosa	blaIMP-9	1
Pseudomonas aeruginosa	blaKPC	2
Pseudomonas aeruginosa	blaKPC-2	11
Pseudomonas aeruginosa	blaKPC-5	2
Pseudomonas aeruginosa	blaL2	1
Pseudomonas aeruginosa	blaLAP-2	1
Pseudomonas aeruginosa	blaLCR-1	8
Pseudomonas aeruginosa	blaNDM	2
Pseudomonas aeruginosa	blaNDM-1	31
Pseudomonas aeruginosa	blaOXA	1682
Pseudomonas aeruginosa	blaOXA-1	17
Pseudomonas aeruginosa	blaOXA-10	161
Pseudomonas aeruginosa	blaOXA-101	5
Pseudomonas aeruginosa	blaOXA-119	1
Pseudomonas aeruginosa	blaOXA-129	16
Pseudomonas aeruginosa	blaOXA-14	2
Pseudomonas aeruginosa	blaOXA-141	1
Pseudomonas aeruginosa	blaOXA-15	3
Pseudomonas aeruginosa	blaOXA-17	10
Pseudomonas aeruginosa	blaOXA-19	3
Pseudomonas aeruginosa	blaOXA-2	107
Pseudomonas aeruginosa	blaOXA-205	3
Pseudomonas aeruginosa	blaOXA-21	2
Pseudomonas aeruginosa	blaOXA-210	1
Pseudomonas aeruginosa	blaOXA-232	16
Pseudomonas aeruginosa	blaOXA-35	21
Pseudomonas aeruginosa	blaOXA-392	2
Pseudomonas aeruginosa	blaOXA-395	404
Pseudomonas aeruginosa	blaOXA-396	358
Pseudomonas aeruginosa	blaOXA-4	52
Pseudomonas aeruginosa	blaOXA-415	4
Pseudomonas aeruginosa	blaOXA-46	4
Pseudomonas aeruginosa	blaOXA-485	8
Pseudomonas aeruginosa	blaOXA-486	686
Pseudomonas aeruginosa	blaOXA-488	863
Pseudomonas aeruginosa	blaOXA-494	622
Pseudomonas aeruginosa	blaOXA-50	728
Pseudomonas aeruginosa	blaOXA-56	41
Pseudomonas aeruginosa	blaOXA-677	1
Pseudomonas aeruginosa	blaOXA-74	2
Pseudomonas aeruginosa	blaOXA-779	1
Pseudomonas aeruginosa	blaOXA-796	4
Pseudomonas aeruginosa	blaOXA-9	42
Pseudomonas aeruginosa	blaPAC	5
Pseudomonas aeruginosa	blaPDC	1534
Pseudomonas aeruginosa	blaPDC-1	264
Pseudomonas aeruginosa	blaPDC-10	3
Pseudomonas aeruginosa	blaPDC-100	3
Pseudomonas aeruginosa	blaPDC-101	1
Pseudomonas aeruginosa	blaPDC-103	10
Pseudomonas aeruginosa	blaPDC-104	1
Pseudomonas aeruginosa	blaPDC-105	4
Pseudomonas aeruginosa	blaPDC-107	5
Pseudomonas aeruginosa	blaPDC-108	1
Pseudomonas aeruginosa	blaPDC-109	17
Pseudomonas aeruginosa	blaPDC-11	54
Pseudomonas aeruginosa	blaPDC-111	1
Pseudomonas aeruginosa	blaPDC-112	3
Pseudomonas aeruginosa	blaPDC-115	2
Pseudomonas aeruginosa	blaPDC-116	3
Pseudomonas aeruginosa	blaPDC-117	24
Pseudomonas aeruginosa	blaPDC-119	1
Pseudomonas aeruginosa	blaPDC-12	43
Pseudomonas aeruginosa	blaPDC-120	27
Pseudomonas aeruginosa	blaPDC-121	17
Pseudomonas aeruginosa	blaPDC-122	2
Pseudomonas aeruginosa	blaPDC-123	10
Pseudomonas aeruginosa	blaPDC-124	5
Pseudomonas aeruginosa	blaPDC-125	3
Pseudomonas aeruginosa	blaPDC-127	3
Pseudomonas aeruginosa	blaPDC-133	6
Pseudomonas aeruginosa	blaPDC-137	2
Pseudomonas aeruginosa	blaPDC-138	3
Pseudomonas aeruginosa	blaPDC-14	39
Pseudomonas aeruginosa	blaPDC-140	1
Pseudomonas aeruginosa	blaPDC-142	11
Pseudomonas aeruginosa	blaPDC-147	5
Pseudomonas aeruginosa	blaPDC-15	88
Pseudomonas aeruginosa	blaPDC-151	7
Pseudomonas aeruginosa	blaPDC-158	1
Pseudomonas aeruginosa	blaPDC-16	176
Pseudomonas aeruginosa	blaPDC-161	2
Pseudomonas aeruginosa	blaPDC-167	4
Pseudomonas aeruginosa	blaPDC-170	2
Pseudomonas aeruginosa	blaPDC-171	5
Pseudomonas aeruginosa	blaPDC-172	1
Pseudomonas aeruginosa	blaPDC-174	1
Pseudomonas aeruginosa	blaPDC-182	1
Pseudomonas aeruginosa	blaPDC-184	1
Pseudomonas aeruginosa	blaPDC-187	1
Pseudomonas aeruginosa	blaPDC-189	1
Pseudomonas aeruginosa	blaPDC-192	4
Pseudomonas aeruginosa	blaPDC-195	1
Pseudomonas aeruginosa	blaPDC-197	3
Pseudomonas aeruginosa	blaPDC-19a	159
Pseudomonas aeruginosa	blaPDC-19b	3
Pseudomonas aeruginosa	blaPDC-20	7
Pseudomonas aeruginosa	blaPDC-211	4
Pseudomonas aeruginosa	blaPDC-213	14
Pseudomonas aeruginosa	blaPDC-218	13
Pseudomonas aeruginosa	blaPDC-21b	2
Pseudomonas aeruginosa	blaPDC-22	2
Pseudomonas aeruginosa	blaPDC-225	2
Pseudomonas aeruginosa	blaPDC-23	4
Pseudomonas aeruginosa	blaPDC-24	80
Pseudomonas aeruginosa	blaPDC-240	1
Pseudomonas aeruginosa	blaPDC-250	1
Pseudomonas aeruginosa	blaPDC-255	1
Pseudomonas aeruginosa	blaPDC-256	1
Pseudomonas aeruginosa	blaPDC-278	1
Pseudomonas aeruginosa	blaPDC-28	27
Pseudomonas aeruginosa	blaPDC-285	12
Pseudomonas aeruginosa	blaPDC-286	3
Pseudomonas aeruginosa	blaPDC-288	2
Pseudomonas aeruginosa	blaPDC-3	682
Pseudomonas aeruginosa	blaPDC-30	78
Pseudomonas aeruginosa	blaPDC-301	2
Pseudomonas aeruginosa	blaPDC-302	1
Pseudomonas aeruginosa	blaPDC-31	54
Pseudomonas aeruginosa	blaPDC-314	1
Pseudomonas aeruginosa	blaPDC-33	5
Pseudomonas aeruginosa	blaPDC-34	254
Pseudomonas aeruginosa	blaPDC-35	218
Pseudomonas aeruginosa	blaPDC-36	46
Pseudomonas aeruginosa	blaPDC-37	45
Pseudomonas aeruginosa	blaPDC-38	13
Pseudomonas aeruginosa	blaPDC-39	16
Pseudomonas aeruginosa	blaPDC-41	9
Pseudomonas aeruginosa	blaPDC-42	2
Pseudomonas aeruginosa	blaPDC-45	4
Pseudomonas aeruginosa	blaPDC-46	22
Pseudomonas aeruginosa	blaPDC-5	527
Pseudomonas aeruginosa	blaPDC-51	4
Pseudomonas aeruginosa	blaPDC-52	2
Pseudomonas aeruginosa	blaPDC-53	7
Pseudomonas aeruginosa	blaPDC-55	1
Pseudomonas aeruginosa	blaPDC-56	3
Pseudomonas aeruginosa	blaPDC-59	28
Pseudomonas aeruginosa	blaPDC-6	22
Pseudomonas aeruginosa	blaPDC-60	32
Pseudomonas aeruginosa	blaPDC-62	13
Pseudomonas aeruginosa	blaPDC-63	5
Pseudomonas aeruginosa	blaPDC-64	30
Pseudomonas aeruginosa	blaPDC-65	3
Pseudomonas aeruginosa	blaPDC-66	38
Pseudomonas aeruginosa	blaPDC-67	1
Pseudomonas aeruginosa	blaPDC-68	3
Pseudomonas aeruginosa	blaPDC-71	36
Pseudomonas aeruginosa	blaPDC-8	314
Pseudomonas aeruginosa	blaPDC-80	9
Pseudomonas aeruginosa	blaPDC-86	1
Pseudomonas aeruginosa	blaPDC-95	1
Pseudomonas aeruginosa	blaPDC-96	1
Pseudomonas aeruginosa	blaPDC-97	6
Pseudomonas aeruginosa	blaPDC-98	20
Pseudomonas aeruginosa	blaPER-1	26
Pseudomonas aeruginosa	blaPER-3	1
Pseudomonas aeruginosa	blaPME	5
Pseudomonas aeruginosa	blaPME-1	1
Pseudomonas aeruginosa	blaPOM	3
Pseudomonas aeruginosa	blaPOM-1	1
Pseudomonas aeruginosa	blaPSE	2
Pseudomonas aeruginosa	blaSCO-1	14
Pseudomonas aeruginosa	blaSHV-2A	8
Pseudomonas aeruginosa	blaSHV-33	1
Pseudomonas aeruginosa	blaSHV-5	1
Pseudomonas aeruginosa	blaSPM	2
Pseudomonas aeruginosa	blaSPM-1	28
Pseudomonas aeruginosa	blaTEM	20
Pseudomonas aeruginosa	blaTEM-1	34
Pseudomonas aeruginosa	blaTEM-116	1
Pseudomonas aeruginosa	blaTEM-181	1
Pseudomonas aeruginosa	blaTEM-2	1
Pseudomonas aeruginosa	blaVEB	1
Pseudomonas aeruginosa	blaVEB-1	5
Pseudomonas aeruginosa	blaVEB-11	1
Pseudomonas aeruginosa	blaVEB-14	2
Pseudomonas aeruginosa	blaVEB-2	2
Pseudomonas aeruginosa	blaVEB-9	23
Pseudomonas aeruginosa	blaVIM	8
Pseudomonas aeruginosa	blaVIM-1	20
Pseudomonas aeruginosa	blaVIM-11	3
Pseudomonas aeruginosa	blaVIM-2	285
Pseudomonas aeruginosa	blaVIM-20	8
Pseudomonas aeruginosa	blaVIM-24	1
Pseudomonas aeruginosa	blaVIM-36	2
Pseudomonas aeruginosa	blaVIM-4	6
Pseudomonas aeruginosa	blaVIM-5	5
Pseudomonas aeruginosa	blaVIM-6	5
Pseudomonas aeruginosa	ble	45
Pseudomonas aeruginosa	bleO	1
Pseudomonas aeruginosa	catA	48
Pseudomonas aeruginosa	catA1	3
Pseudomonas aeruginosa	catA2	2
Pseudomonas aeruginosa	catB	158
Pseudomonas aeruginosa	catB10	19
Pseudomonas aeruginosa	catB11	5
Pseudomonas aeruginosa	catB2	2
Pseudomonas aeruginosa	catB3	95
Pseudomonas aeruginosa	catB7	5088
Pseudomonas aeruginosa	catB8	8
Pseudomonas aeruginosa	clpK	1
Pseudomonas aeruginosa	cmlA	7
Pseudomonas aeruginosa	cmlA1	63
Pseudomonas aeruginosa	cmlA10	5
Pseudomonas aeruginosa	cmlA4	3
Pseudomonas aeruginosa	cmlA5	71
Pseudomonas aeruginosa	cmlA6	39
Pseudomonas aeruginosa	cmlB	40
Pseudomonas aeruginosa	cmlB1	7
Pseudomonas aeruginosa	cmx	81
Pseudomonas aeruginosa	crpP	2107
Pseudomonas aeruginosa	dfrA	2
Pseudomonas aeruginosa	dfrA1	20
Pseudomonas aeruginosa	dfrA10	8
Pseudomonas aeruginosa	dfrA14	10
Pseudomonas aeruginosa	dfrA15	1
Pseudomonas aeruginosa	dfrA21	5
Pseudomonas aeruginosa	dfrA22	7
Pseudomonas aeruginosa	dfrA23	1
Pseudomonas aeruginosa	dfrA30	1
Pseudomonas aeruginosa	dfrA5	22
Pseudomonas aeruginosa	dfrA8	1
Pseudomonas aeruginosa	dfrB	14
Pseudomonas aeruginosa	dfrB1	12
Pseudomonas aeruginosa	dfrB2	20
Pseudomonas aeruginosa	dfrB5	89
Pseudomonas aeruginosa	dfrIIe	6
Pseudomonas aeruginosa	ere(A)	3
Pseudomonas aeruginosa	erm(C)	1
Pseudomonas aeruginosa	erm-23S_rRNA	3
Pseudomonas aeruginosa	floR	82
Pseudomonas aeruginosa	floR2	124
Pseudomonas aeruginosa	fosA	5258
Pseudomonas aeruginosa	fosG	1
Pseudomonas aeruginosa	mcr-5.1	1
Pseudomonas aeruginosa	mph(A)	4
Pseudomonas aeruginosa	mph(E)	15
Pseudomonas aeruginosa	mph(F)	1
Pseudomonas aeruginosa	msr(E)	32
Pseudomonas aeruginosa	oqxA3	1
Pseudomonas aeruginosa	oqxB19	1
Pseudomonas aeruginosa	qacC	1
Pseudomonas aeruginosa	qacE	81
Pseudomonas aeruginosa	qacEdelta1	1128
Pseudomonas aeruginosa	qacF	71
Pseudomonas aeruginosa	qacG2	25
Pseudomonas aeruginosa	qacL	31
Pseudomonas aeruginosa	qnrA1	2
Pseudomonas aeruginosa	qnrB	1
Pseudomonas aeruginosa	qnrD	1
Pseudomonas aeruginosa	qnrD1	4
Pseudomonas aeruginosa	qnrS1	1
Pseudomonas aeruginosa	qnrVC	4
Pseudomonas aeruginosa	qnrVC1	60
Pseudomonas aeruginosa	qnrVC6	2
Pseudomonas aeruginosa	rmtB4	6
Pseudomonas aeruginosa	rmtD	3
Pseudomonas aeruginosa	rmtD1	31
Pseudomonas aeruginosa	rmtE1	1
Pseudomonas aeruginosa	rmtF	1
Pseudomonas aeruginosa	rmtF2	5
Pseudomonas aeruginosa	rmtG	1
Pseudomonas aeruginosa	sat2	1
Pseudomonas aeruginosa	smr	12
Pseudomonas aeruginosa	sul1	1188
Pseudomonas aeruginosa	sul2	32
Pseudomonas aeruginosa	tet	3
Pseudomonas aeruginosa	tet(A)	46
Pseudomonas aeruginosa	tet(C)	35
Pseudomonas aeruginosa	tet(D)	9
Pseudomonas aeruginosa	tet(G)	192
Pseudomonas aeruginosa	tet(K)	1
Pseudomonas aeruginosa	tet(L)	1
Pseudomonas aeruginosa	tet(Y)	1
Pseudomonas aeruginosa	vat	4
Salmonella enterica	aac(2')-IIa	229
Salmonella enterica	aac(3)	27
Salmonella enterica	aac(3)-I	3
Salmonella enterica	aac(3)-II	38
Salmonella enterica	aac(3)-IIa	10
Salmonella enterica	aac(3)-IId	336
Salmonella enterica	aac(3)-IV	1980
Salmonella enterica	aac(3)-Ic	1
Salmonella enterica	aac(3)-Id	4
Salmonella enterica	aac(3)-VIa	365
Salmonella enterica	aac(6')	2
Salmonella enterica	aac(6')-IIc	10
Salmonella enterica	aac(6')-Ib	82
Salmonella enterica	aac(6')-Ib-cr	1
Salmonella enterica	aac(6')-Ib-cr5	18
Salmonella enterica	aac(6')-Ib3	6
Salmonella enterica	aac(6')-Ib4	11
Salmonella enterica	aac(6')-Im	1
Salmonella enterica	aacA57-2	1
Salmonella enterica	aadA	1904
Salmonella enterica	aadA1	3333
Salmonella enterica	aadA12	2
Salmonella enterica	aadA13	1
Salmonella enterica	aadA15	21
Salmonella enterica	aadA16	7
Salmonella enterica	aadA2	1060
Salmonella enterica	aadA21	3
Salmonella enterica	aadA22	34
Salmonella enterica	aadA25	5
Salmonella enterica	aadA3	2
Salmonella enterica	aadA4	8
Salmonella enterica	aadA5	26
Salmonella enterica	aadA6	10
Salmonella enterica	aadA7	13
Salmonella enterica	aadA8	5
Salmonella enterica	abc-f	33
Salmonella enterica	ampC	3
Salmonella enterica	ant(2'')-Ia	102
Salmonella enterica	ant(3'')	12
Salmonella enterica	ant(3'')-Ia	1
Salmonella enterica	aph(2'')-IIa	1
Salmonella enterica	aph(3'')	50
Salmonella enterica	aph(3'')-Ib	1656
Salmonella enterica	aph(3')	2
Salmonella enterica	aph(3')-I	1
Salmonella enterica	aph(3')-II	9
Salmonella enterica	aph(3')-IIIa	3
Salmonella enterica	aph(3')-IIa	53
Salmonella enterica	aph(3')-Ia	1763
Salmonella enterica	aph(4)-Ia	1970
Salmonella enterica	aph(6)-I	6
Salmonella enterica	aph(6)-Ic	34
Salmonella enterica	aph(6)-Id	1694
Salmonella enterica	armA	12
Salmonella enterica	arr	10
Salmonella enterica	arr-2	2
Salmonella enterica	arr-3	17
Salmonella enterica	bla	19
Salmonella enterica	blaCARB-2	652
Salmonella enterica	blaCMY	75
Salmonella enterica	blaCMY-2	243
Salmonella enterica	blaCTX-M	36
Salmonella enterica	blaCTX-M-1	16
Salmonella enterica	blaCTX-M-14	6
Salmonella enterica	blaCTX-M-15	21
Salmonella enterica	blaCTX-M-165	2
Salmonella enterica	blaCTX-M-2	3
Salmonella enterica	blaCTX-M-27	1
Salmonella enterica	blaCTX-M-3	2
Salmonella enterica	blaCTX-M-32	1
Salmonella enterica	blaCTX-M-55	8
Salmonella enterica	blaCTX-M-65	1564
Salmonella enterica	blaCTX-M-8	1
Salmonella enterica	blaCTX-M-9	57
Salmonella enterica	blaDHA	2
Salmonella enterica	blaDHA-1	2
Salmonella enterica	blaHER	4
Salmonella enterica	blaHER-3	10
Salmonella enterica	blaLAP-2	6
Salmonella enterica	blaNDM-9	1
Salmonella enterica	blaOXA	1
Salmonella enterica	blaOXA-1	15
Salmonella enterica	blaOXA-10	1
Salmonella enterica	blaOXA-2	6
Salmonella enterica	blaOXA-48	3
Salmonella enterica	blaPSE	2
Salmonella enterica	blaSCO	1
Salmonella enterica	blaSHV	1
Salmonella enterica	blaSHV-12	11
Salmonella enterica	blaSHV-2	1
Salmonella enterica	blaSHV-2A	1
Salmonella enterica	blaSHV-5	1
Salmonella enterica	blaSHV-7	3
Salmonella enterica	blaTEM	58
Salmonella enterica	blaTEM-1	1186
Salmonella enterica	blaTEM-116	69
Salmonella enterica	blaTEM-135	54
Salmonella enterica	blaTEM-169	1
Salmonella enterica	blaTEM-190	1
Salmonella enterica	blaTEM-191	1
Salmonella enterica	blaTEM-210	1
Salmonella enterica	blaTEM-32	1
Salmonella enterica	blaTEM-52	2
Salmonella enterica	blaTEM-57	5
Salmonella enterica	blaVEB-5	1
Salmonella enterica	ble	55
Salmonella enterica	bleO	70
Salmonella enterica	catA1	335
Salmonella enterica	catA2	24
Salmonella enterica	catB3	13
Salmonella enterica	cmlA	1
Salmonella enterica	cmlA1	81
Salmonella enterica	cmlA4	7
Salmonella enterica	cmlA5	12
Salmonella enterica	cmlA6	16
Salmonella enterica	dfrA	1
Salmonella enterica	dfrA1	125
Salmonella enterica	dfrA10	5
Salmonella enterica	dfrA12	285
Salmonella enterica	dfrA14	1763
Salmonella enterica	dfrA15	256
Salmonella enterica	dfrA16	53
Salmonella enterica	dfrA17	19
Salmonella enterica	dfrA19	6
Salmonella enterica	dfrA21	2
Salmonella enterica	dfrA25	13
Salmonella enterica	dfrA27	7
Salmonella enterica	dfrA32	3
Salmonella enterica	dfrA34	1
Salmonella enterica	dfrA5	5
Salmonella enterica	dfrA7	3
Salmonella enterica	dfrA8	9
Salmonella enterica	dfrB3	1
Salmonella enterica	dfrB4	1
Salmonella enterica	dfrIIe	1
Salmonella enterica	ere(A)	15
Salmonella enterica	ere(C)	1
Salmonella enterica	erm(42)	4
Salmonella enterica	erm(B)	2
Salmonella enterica	floR	2577
Salmonella enterica	floR2	3
Salmonella enterica	fos	2
Salmonella enterica	fosA	144
Salmonella enterica	fosA3	914
Salmonella enterica	fosA7	1388
Salmonella enterica	lnu(B)	2
Salmonella enterica	lnu(F)	45
Salmonella enterica	lnu(G)	20
Salmonella enterica	mcr-1.1	8
Salmonella enterica	mcr-3.1	1
Salmonella enterica	mcr-9	13
Salmonella enterica	mcr-9.1	156
Salmonella enterica	mef(B)	3
Salmonella enterica	mef(C)	2
Salmonella enterica	mph(A)	65
Salmonella enterica	mph(B)	6
Salmonella enterica	mph(E)	12
Salmonella enterica	mph(G)	2
Salmonella enterica	msr(E)	12
Salmonella enterica	oqxA	20
Salmonella enterica	oqxB	21
Salmonella enterica	qacE	149
Salmonella enterica	qacEdelta1	4176
Salmonella enterica	qacG2	12
Salmonella enterica	qacL	120
Salmonella enterica	qepA	1
Salmonella enterica	qnrA1	70
Salmonella enterica	qnrB	5
Salmonella enterica	qnrB1	5
Salmonella enterica	qnrB19	339
Salmonella enterica	qnrB2	36
Salmonella enterica	qnrB38	1
Salmonella enterica	qnrB4	2
Salmonella enterica	qnrB6	4
Salmonella enterica	qnrB7	1
Salmonella enterica	qnrB77	1
Salmonella enterica	qnrD	1
Salmonella enterica	qnrD1	4
Salmonella enterica	qnrE1	4
Salmonella enterica	qnrS	4
Salmonella enterica	qnrS1	84
Salmonella enterica	qnrS13	2
Salmonella enterica	qnrS2	6
Salmonella enterica	qnrS4	1
Salmonella enterica	rmtB1	1
Salmonella enterica	rmtE	4
Salmonella enterica	rmtE1	2
Salmonella enterica	sat1	9
Salmonella enterica	sat2	17
Salmonella enterica	smr	1
Salmonella enterica	sul1	4101
Salmonella enterica	sul1delta	37
Salmonella enterica	sul2	1296
Salmonella enterica	sul3	142
Salmonella enterica	tet	6
Salmonella enterica	tet(A)	4164
Salmonella enterica	tet(B)	1219
Salmonella enterica	tet(C)	275
Salmonella enterica	tet(D)	15
Salmonella enterica	tet(G)	524
Salmonella enterica	tet(M)	95
Salmonella enterica	tet(M-W-O-S)	1
Salmonella enterica	tet(O)	1
Salmonella enterica	tet(X)	2
Vibrio cholerae	aac(3)-II	4
Vibrio cholerae	aac(3)-IIa	24
Vibrio cholerae	aac(3)-IId	39
Vibrio cholerae	aac(6')-Ib-cr5	1
Vibrio cholerae	aadA1	54
Vibrio cholerae	aadA16	1
Vibrio cholerae	aadA2	76
Vibrio cholerae	aadA3	12
Vibrio cholerae	aadA5	2
Vibrio cholerae	ant(3'')	1
Vibrio cholerae	ant(6)-Ia	1
Vibrio cholerae	aph(3'')	2
Vibrio cholerae	aph(3'')-Ib	829
Vibrio cholerae	aph(3')-Ia	57
Vibrio cholerae	aph(6)-Id	831
Vibrio cholerae	armA	1
Vibrio cholerae	arr-2	8
Vibrio cholerae	arr-3	2
Vibrio cholerae	bla	4
Vibrio cholerae	blaCARB-2	25
Vibrio cholerae	blaCARB-4	1
Vibrio cholerae	blaCARB-7	44
Vibrio cholerae	blaCARB-9	11
Vibrio cholerae	blaCMY-2	1
Vibrio cholerae	blaCMY-4	2
Vibrio cholerae	blaCTX-M-2	1
Vibrio cholerae	blaNDM-1	2
Vibrio cholerae	blaOXA-10	4
Vibrio cholerae	blaOXA-2	2
Vibrio cholerae	blaPER-7	1
Vibrio cholerae	blaPSE	43
Vibrio cholerae	blaTEM	18
Vibrio cholerae	blaTEM-1	50
Vibrio cholerae	blaTEM-116	4
Vibrio cholerae	blaTEM-63	7
Vibrio cholerae	blaVCC-1	4
Vibrio cholerae	ble	2
Vibrio cholerae	bleO	1
Vibrio cholerae	catA1	2
Vibrio cholerae	catA2	44
Vibrio cholerae	catA3	1
Vibrio cholerae	catB	10
Vibrio cholerae	catB9	1129
Vibrio cholerae	cmlA5	3
Vibrio cholerae	dfr18	52
Vibrio cholerae	dfrA1	741
Vibrio cholerae	dfrA12	13
Vibrio cholerae	dfrA14	7
Vibrio cholerae	dfrA15	2
Vibrio cholerae	dfrA16	1
Vibrio cholerae	dfrA18	7
Vibrio cholerae	dfrA23	20
Vibrio cholerae	dfrA27	1
Vibrio cholerae	dfrA31	86
Vibrio cholerae	dfrA5	1
Vibrio cholerae	dfrA6	5
Vibrio cholerae	dfrA7	1
Vibrio cholerae	floR	716
Vibrio cholerae	floR2	5
Vibrio cholerae	fos	3
Vibrio cholerae	mcr-4	1
Vibrio cholerae	mef(C)	1
Vibrio cholerae	mph(A)	26
Vibrio cholerae	mph(E)	56
Vibrio cholerae	mph(F)	1
Vibrio cholerae	mph(G)	1
Vibrio cholerae	msr(E)	56
Vibrio cholerae	qacC	2
Vibrio cholerae	qacE	3
Vibrio cholerae	qacEdelta1	125
Vibrio cholerae	qnrD	5
Vibrio cholerae	qnrD1	14
Vibrio cholerae	qnrVC	86
Vibrio cholerae	qnrVC1	38
Vibrio cholerae	qnrVC4	32
Vibrio cholerae	qnrVC5	25
Vibrio cholerae	qnrVC6	1
Vibrio cholerae	qnrVC7	3
Vibrio cholerae	sat2	3
Vibrio cholerae	sul1	125
Vibrio cholerae	sul2	835
Vibrio cholerae	tet(A)	79
Vibrio cholerae	tet(B)	3
Vibrio cholerae	tet(C)	1
Vibrio cholerae	tet(D)	48
Vibrio cholerae	tet(G)	27
Vibrio cholerae	tet(L)	1
Vibrio cholerae	tet(M)	10
Vibrio cholerae	tet(X)	1
Vibrio cholerae	tet(Y)	1
Vibrio cholerae	tetA(D)	101
Vibrio cholerae	varG	1219
Vibrio cholerae	vat	182
Vibrio parahaemolyticus	aac(3)-IV	1
Vibrio parahaemolyticus	aadA2	2
Vibrio parahaemolyticus	ampC	81
Vibrio parahaemolyticus	aph(3'')-Ib	8
Vibrio parahaemolyticus	aph(3')-Ia	43
Vibrio parahaemolyticus	aph(3')-VI	1
Vibrio parahaemolyticus	aph(6)-Id	8
Vibrio parahaemolyticus	bla	17
Vibrio parahaemolyticus	blaCARB	264
Vibrio parahaemolyticus	blaCARB-17	13
Vibrio parahaemolyticus	blaCARB-18	943
Vibrio parahaemolyticus	blaCARB-19	2
Vibrio parahaemolyticus	blaCARB-20	178
Vibrio parahaemolyticus	blaCARB-21	190
Vibrio parahaemolyticus	blaCARB-22	265
Vibrio parahaemolyticus	blaCARB-23	1
Vibrio parahaemolyticus	blaCARB-24	2
Vibrio parahaemolyticus	blaCARB-26	2
Vibrio parahaemolyticus	blaCARB-27	4
Vibrio parahaemolyticus	blaCARB-28	1
Vibrio parahaemolyticus	blaCARB-29	1
Vibrio parahaemolyticus	blaCARB-30	403
Vibrio parahaemolyticus	blaCARB-31	22
Vibrio parahaemolyticus	blaCARB-32	34
Vibrio parahaemolyticus	blaCARB-33	1
Vibrio parahaemolyticus	blaCARB-34	44
Vibrio parahaemolyticus	blaCARB-35	1
Vibrio parahaemolyticus	blaCARB-36	15
Vibrio parahaemolyticus	blaCARB-38	1
Vibrio parahaemolyticus	blaCARB-40	2
Vibrio parahaemolyticus	blaCARB-41	13
Vibrio parahaemolyticus	blaCARB-42	48
Vibrio parahaemolyticus	blaCARB-43	6
Vibrio parahaemolyticus	blaCARB-44	11
Vibrio parahaemolyticus	blaCARB-45	2
Vibrio parahaemolyticus	blaCARB-46	20
Vibrio parahaemolyticus	blaCARB-47	12
Vibrio parahaemolyticus	blaCARB-48	5
Vibrio parahaemolyticus	blaCTX-M-14	1
Vibrio parahaemolyticus	blaNDM-1	2
Vibrio parahaemolyticus	blaOXA	3
Vibrio parahaemolyticus	blaSED	2
Vibrio parahaemolyticus	blaTEM	2
Vibrio parahaemolyticus	blaTEM-116	4
Vibrio parahaemolyticus	blaTEM-176	2
Vibrio parahaemolyticus	blaVHH	2
Vibrio parahaemolyticus	ble	2
Vibrio parahaemolyticus	catA	2
Vibrio parahaemolyticus	catA1	2
Vibrio parahaemolyticus	catB	12
Vibrio parahaemolyticus	dfrA14	2
Vibrio parahaemolyticus	dfrA16	1
Vibrio parahaemolyticus	dfrA31	14
Vibrio parahaemolyticus	dfrA32	1
Vibrio parahaemolyticus	dfrA6	2
Vibrio parahaemolyticus	ere(A)	1
Vibrio parahaemolyticus	floR	7
Vibrio parahaemolyticus	fos	53
Vibrio parahaemolyticus	fosA	1
Vibrio parahaemolyticus	mcr-1.1	1
Vibrio parahaemolyticus	oqxB	2
Vibrio parahaemolyticus	qacE	1
Vibrio parahaemolyticus	qnrA	1
Vibrio parahaemolyticus	qnrA3	3
Vibrio parahaemolyticus	qnrC	15
Vibrio parahaemolyticus	qnrD	5
Vibrio parahaemolyticus	qnrD1	5
Vibrio parahaemolyticus	qnrS	23
Vibrio parahaemolyticus	qnrS1	2
Vibrio parahaemolyticus	qnrS2	6
Vibrio parahaemolyticus	qnrVC	3
Vibrio parahaemolyticus	qnrVC1	2
Vibrio parahaemolyticus	qnrVC10	4
Vibrio parahaemolyticus	qnrVC5	4
Vibrio parahaemolyticus	sul1	1
Vibrio parahaemolyticus	sul2	20
Vibrio parahaemolyticus	tet	1
Vibrio parahaemolyticus	tet(34)	2507
Vibrio parahaemolyticus	tet(35)	2499
Vibrio parahaemolyticus	tet(A)	3
Vibrio parahaemolyticus	tet(B)	35
Vibrio parahaemolyticus	tet(C)	1
Vibrio parahaemolyticus	tetA(D)	11
Vibrio parahaemolyticus	varG	3
Vibrio parahaemolyticus	vat	5